# numero;nombre;partido_numero;provincia_numero
1,25 DE MAYO,1,1
2,AGUSTIN MOSCONI,1,1
3,DEL VALLE,1,1
4,ERNESTINA,1,1
5,GOBERNADOR UGARTE,1,1
6,LUCAS MONTEVERDE,1,1
7,NORBERTO DE LA RIESTRA,1,1
8,PEDERNALES,1,1
9,SAN ENRIQUE,1,1
10,VALDES,1,1
11,12 DE OCTUBRE,2,1
12,9 DE JULIO,2,1
13,ALFREDO DEMARCHI,2,1
14,CARLOS MARIA NAON,2,1
15,DUDIGNAC,2,1
16,LA AURORA,2,1
17,MANUEL B. GONNET,2,1
18,MARCELINO UGARTE,2,1
19,MOREA,2,1
20,NORUMBEGA,2,1
21,PATRICIOS,2,1
22,VILLA FOURNIER,2,1
23,CARHUE,3,1
24,COLONIA SAN MIGUEL ARCANGEL,3,1
25,DELFIN HUERGO,3,1
26,ESPARTILLAR,3,1
27,ESTEBAN AGUSTIN GASCON,3,1
28,LA PALA,3,1
29,MAZA,3,1
30,RIVERA,3,1
31,VILLA MARGARITA,3,1
32,ADOLFO GONZALES CHAVES,4,1
33,DE LA GARMA,4,1
34,JUAN E. BARRA,4,1
35,VASQUEZ,4,1
36,ALBERTI,5,1
37,CORONEL SEGUI,5,1
38,MECHITA,5,1
39,PLA,5,1
40,VILLA GRISOLIA,5,1
41,VILLA MARIA,5,1
42,VILLA ORTIZ,5,1
43,ADROGUE,6,1
44,ALMIRANTE BROWN,6,1
45,BURZACO,6,1
46,CLAYPOLE,6,1
47,DON ORIONE,6,1
48,GLEW,6,1
49,JOSE MARMOL,6,1
50,LONGCHAMPS,6,1
51,MALVINAS ARGENTINAS,6,1
52,MINISTRO RIVADAVIA,6,1
53,RAFAEL CALZADA,6,1
54,SAN FRANCISCO SOLANO,6,1
55,SAN JOSE,6,1
56,ARRECIFES,7,1
57,TODD,7,1
58,VI\u00d1A,7,1
59,AREA RESERVA CINTURON ECOLOGICO,8,1
60,AVELLANEDA,8,1
61,CRUCESITA,8,1
62,DOCK SUD,8,1
63,GERLI,8,1
64,PI\u00d1EYRO,8,1
65,SARANDI,8,1
66,VILLA DOMINICO,8,1
67,WILDE,8,1
68,AYACUCHO,9,1
69,LA CONSTANCIA,9,1
70,SOLANET,9,1
71,UDAQUIOLA,9,1
72,16 DE JULIO,10,1
73,ARIEL,10,1
74,AZUL,10,1
75,CACHARI,10,1
76,CHILLAR,10,1
77,BAHIA BLANCA,11,1
78,CABILDO,11,1
79,GENERAL DANIEL CERRI,11,1
80,GR\u00dcNBEIN,11,1
81,INGENIERO WHITE,11,1
82,VILLA BORDEAU,11,1
83,VILLA ESPORA,11,1
84,BALCARCE,12,1
85,LOS PINOS,12,1
86,NAPALEOFU,12,1
87,RAMOS OTERO,12,1
88,SAN AGUSTIN,12,1
89,VILLA LAGUNA LA BRAVA,12,1
90,BARADERO,13,1
91,IRINEO PORTELA,13,1
92,SANTA COLOMA,13,1
93,VILLA ALSINA,13,1
94,BARKER,14,1
95,BENITO JUAREZ,14,1
96,LOPEZ,14,1
97,TEDIN URIBURU,14,1
98,VILLA CACIQUE,14,1
99,BERAZATEGUI,15,1
100,BERAZATEGUI OESTE,15,1
101,CARLOS TOMAS SOURIGUES,15,1
102,EL PATO,15,1
103,GUILLERMO ENRIQUE HUDSON,15,1
104,JUAN MARIA GUTIERREZ,15,1
105,PEREYRA,15,1
106,PLATANOS,15,1
107,RANELAGH,15,1
108,VILLA ESPA\u00d1A,15,1
109,BARRIO BANCO PROVINCIA,16,1
110,BARRIO EL CARMEN ESTE,16,1
111,BARRIO UNIVERSITARIO,16,1
112,BERISSO,16,1
113,LOS TALAS,16,1
114,VILLA ARG\u00dcELLO,16,1
115,VILLA DOLORES,16,1
116,VILLA INDEPENDENCIA,16,1
117,VILLA NUEVA,16,1
118,VILLA PORTE\u00d1A,16,1
119,VILLA PROGRESO,16,1
120,VILLA SAN CARLOS,16,1
121,VILLA ZULA,16,1
122,HALE,17,1
123,JUAN F. IBARRA,17,1
124,PAULA,17,1
125,PIROVANO,17,1
126,SAN CARLOS DE BOLIVAR,17,1
127,URDAMPILLETA,17,1
128,VILLA LYNCH PUEYRREDON,17,1
129,BRAGADO,18,1
130,COMODORO PY,18,1
131,GENERAL OBRIEN,18,1
132,IRALA,18,1
133,JUAN F. SALABERRY,18,1
134,LA LIMPIA,18,1
135,MECHITA,18,1
136,OLASCOAGA,18,1
137,WARNES,18,1
138,ALTAMIRANO,19,1
139,BARRIO LAS GOLONDRINAS,19,1
140,BARRIO LOS BOSQUECITOS,19,1
141,BARRIO PARQUE LAS ACACIAS,19,1
142,CORONEL BRANDSEN,19,1
143,GOMEZ,19,1
144,JEPPENER,19,1
145,OLIDEN,19,1
146,SAMBOROMBON,19,1
147,BARRIO LOS PIONEROS (BARRIO TAVELLA),20,1
148,LOS CARDALES,20,1
149,ALEJANDRO PETION,21,1
150,BARRIO EL TALADRO,21,1
151,CA\u00d1UELAS,21,1
152,GOBERNADOR UDAONDO,21,1
153,SANTA ROSA,21,1
154,URIBELARREA,21,1
155,VICENTE CASARES,21,1
156,CAPITAN SARMIENTO,22,1
157,LA LUISA,22,1
158,BELLOCQ,23,1
159,CADRET,23,1
160,CARLOS CASARES,23,1
161,COLONIA MAURICIO,23,1
162,HORTENSIA,23,1
163,LA SOFIA,23,1
164,MAURICIO HIRSCH,23,1
165,MOCTEZUMA,23,1
166,ORDOQUI,23,1
167,SMITH,23,1
168,CARLOS TEJEDOR,24,1
169,COLONIA SERE,24,1
170,CURARU,24,1
171,TIMOTE,24,1
172,TRES ALGARROBOS,24,1
173,CARMEN DE ARECO,25,1
174,PUEBLO GOUIN,25,1
175,TRES SARGENTOS,25,1
176,CASTELLI,26,1
177,CENTRO GUERRERO,26,1
178,CERRO DE LA GLORIA,26,1
179,CASTILLA,27,1
180,CHACABUCO,27,1
181,LOS ANGELES,27,1
182,OHIGGINS,27,1
183,RAWSON,27,1
184,BARRIO SAN CAYETANO,28,1
185,CHASCOMUS,28,1
186,VILLA PARQUE GIRADO,28,1
187,CHIVILCOY,29,1
188,EMILIO AYARZA,29,1
189,GOROSTIAGA,29,1
190,LA RICA,29,1
191,MOQUEHUA,29,1
192,RAMON BIAUS,29,1
193,SAN SEBASTIAN,29,1
194,COLON,30,1
195,PEARSON,30,1
196,SARASA,30,1
197,VILLA MANUEL POMAR,30,1
198,BAJO HONDO,31,1
199,BALNEARIO PEHUEN CO,31,1
200,PUNTA ALTA,31,1
201,VILLA DEL MAR,31,1
202,VILLA GENERAL ARIAS,31,1
203,APARICIO,32,1
204,CORONEL DORREGO,32,1
205,EL PERDIDO,32,1
206,FARO,32,1
207,IRENE,32,1
208,MARISOL,32,1
209,ORIENTE,32,1
210,SAN ROMAN,32,1
211,CORONEL PRINGLES,33,1
212,EL DIVISORIO,33,1
213,EL PENSAMIENTO,33,1
214,INDIO RICO,33,1
215,LARTIGAU,33,1
216,CASCADA,34,1
217,CORONEL SUAREZ,34,1
218,CURAMALAL,34,1
219,DORBIGNY,34,1
220,HUANGUELEN,34,1
221,PASMAN,34,1
222,SAN JOSE,34,1
223,SANTA MARIA,34,1
224,SANTA TRINIDAD,34,1
225,VILLA LA ARCADIA,34,1
226,ANDANT,35,1
227,ARBOLEDAS,35,1
228,DAIREAUX,35,1
229,LA LARGA,35,1
230,SALAZAR,35,1
231,DOLORES,36,1
232,SEVIGNE,36,1
233,DIQUE N\u00b0 1,37,1
234,ENSENADA,37,1
235,ISLA SANTIAGO,37,1
236,PUNTA LARA,37,1
237,VILLA CATELA,37,1
238,BELEN DE ESCOBAR,38,1
239,EL CAZADOR,38,1
240,ESCOBAR,38,1
241,GARIN,38,1
242,INGENIERO MASCHWITZ,38,1
243,LOMA VERDE,38,1
244,MAQUINISTA F. SAVIO ESTE,38,1
245,MATHEU,38,1
246,9 DE ABRIL,39,1
247,CANNING,39,1
248,EL JAG\u00dcEL,39,1
249,ESTEBAN ECHEVERRIA,39,1
250,LUIS GUILLON,39,1
251,MONTE GRANDE,39,1
252,ARROYO DE LA CRUZ,40,1
253,EL REMANSO,40,1
254,PARADA ORLANDO,40,1
255,PARADA ROBLES,40,1
256,PARADA ROBLES - PAVON,40,1
257,PAVON,40,1
258,AEROPUERTO INTERNACIONAL EZEIZA,41,1
259,CANNING,41,1
260,CARLOS SPEGAZZINI,41,1
261,EZEIZA,41,1
262,JOSE MARIA EZEIZA,41,1
263,LA UNION,41,1
264,TRISTAN SUAREZ,41,1
265,BOSQUES,42,1
266,EL TROPEZON,42,1
267,ESTANISLAO SEVERO ZEBALLOS,42,1
268,FLORENCIO VARELA,42,1
269,GOBERNADOR JULIO A. COSTA,42,1
270,INGENIERO JUAN ALLAN,42,1
271,LA CAPILLA,42,1
272,SAN JUAN BAUTISTA,42,1
273,VILLA BROWN,42,1
274,VILLA SAN LUIS,42,1
275,VILLA SANTA ROSA,42,1
276,VILLA VATTEONE,42,1
277,BLAQUIER,43,1
278,FLORENTINO AMEGHINO,43,1
279,PORVENIR,43,1
280,COMANDANTE NICANOR OTAMENDI,44,1
281,MAR DEL SUR,44,1
282,MECHONGUE,44,1
283,MIRAMAR,44,1
284,GENERAL ALVEAR,45,1
285,ARRIBE\u00d1OS,46,1
286,ASCENSION,46,1
287,ESTACION ARENALES,46,1
288,FERRE,46,1
289,GENERAL ARENALES,46,1
290,LA ANGELITA,46,1
291,LA TRINIDAD,46,1
292,GENERAL BELGRANO,47,1
293,GORCHS,47,1
294,GENERAL GUIDO,48,1
295,LABARDEN,48,1
296,BARRIO KENNEDY,49,1
297,GENERAL JUAN MADARIAGA,49,1
298,GENERAL LA MADRID,50,1
299,LA COLINA,50,1
300,LAS MARTINETAS,50,1
301,LIBANO,50,1
302,PONTAUT,50,1
303,GENERAL HORNOS,51,1
304,GENERAL LAS HERAS,51,1
305,LA CHOZA,51,1
306,PLOMER,51,1
307,GENERAL LAVALLE,52,1
308,BARRIO RIO SALADO,53,1
309,LOMA VERDE,53,1
310,RANCHOS,53,1
311,VILLANUEVA,53,1
312,COLONIA SAN RICARDO,54,1
313,GENERAL PINTO,54,1
314,GERMANIA,54,1
315,VILLA FRANCIA,54,1
316,VILLA ROTH,54,1
317,BARRIO COLINAS VERDES,55,1
318,BARRIO EL CASAL,55,1
319,BARRIO EL COYUNCO,55,1
320,BARRIO LA GLORIA,55,1
321,BARRIO SANTA PAULA,55,1
322,BATAN,55,1
323,CAMET,55,1
324,CHAPADMALAL,55,1
325,EL MARQUESADO,55,1
326,ESTACION CAMET,55,1
327,ESTACION CHAPADMALAL,55,1
328,MAR DEL PLATA,55,1
329,PUNTA MOGOTES,55,1
330,SIERRA DE LOS PADRES,55,1
331,BARRIO MORABO,56,1
332,BARRIO RUTA 24 KILOMETRO 10,56,1
333,COUNTRY CLUB BOSQUE REAL,56,1
334,GENERAL RODRIGUEZ,56,1
335,BARRIO PARQUE GENERAL SAN MARTIN,57,1
336,BILLINGHURST,57,1
337,CIUDAD DEL LIBERTADOR GENERAL SAN MARTIN,57,1
338,CIUDAD JARDIN EL LIBERTADOR,57,1
339,GENERAL SAN MARTIN,57,1
340,VA.MARIA IRENE DE LOS REMEDIOS ESCALADA,57,1
341,VA.MARQUES ALEJANDRO MARIA DE AGUADO,57,1
342,VILLA AYACUCHO,57,1
343,VILLA BALLESTER,57,1
344,VILLA BERNARDO MONTEAGUDO,57,1
345,VILLA CHACABUCO,57,1
346,VILLA CORONEL JOSE M. ZAPIOLA,57,1
347,VILLA GENERAL ANTONIO J. DE SUCRE,57,1
348,VILLA GENERAL EUGENIO NECOCHEA,57,1
349,VILLA GENERAL JOSE TOMAS GUIDO,57,1
350,VILLA GENERAL JUAN G. LAS HERAS,57,1
351,VILLA GODOY CRUZ,57,1
352,VILLA GRANADEROS DE SAN MARTIN,57,1
353,VILLA GREGORIA MATORRAS,57,1
354,VILLA JOSE LEON SUAREZ,57,1
355,VILLA JUAN MARTIN DE PUEYRREDON,57,1
356,VILLA LIBERTAD,57,1
357,VILLA LYNCH,57,1
358,VILLA MAIPU,57,1
359,VILLA PARQUE PRESIDENTE FIGUEROA ALCORTA,57,1
360,VILLA PARQUE SAN LORENZO,57,1
361,VILLA SAN ANDRES,57,1
362,VILLA YAPEYU,57,1
363,BAIGORRITA,58,1
364,LA DELFINA,58,1
365,LOS TOLDOS,58,1
366,SAN EMILIO,58,1
367,ZAVALIA,58,1
368,BANDERALO,59,1
369,CA\u00d1ADA SECA,59,1
370,CORONEL CHARLONE,59,1
371,EMILIO V. BUNGE,59,1
372,GENERAL VILLEGAS,59,1
373,MASSEY,59,1
374,PICHINCHA,59,1
375,PIEDRITAS,59,1
376,SANTA ELEODORA,59,1
377,SANTA REGINA,59,1
378,VILLA SABOYA,59,1
379,VILLA SAUZE,59,1
380,ARROYO VENADO,60,1
381,CASBAS,60,1
382,GARRE,60,1
383,GUAMINI,60,1
384,LAGUNA ALSINA,60,1
385,HENDERSON,61,1
386,HERRERA VEGAS,61,1
387,HURLINGHAM,62,1
388,VILLA SANTOS TESEI,62,1
389,WILLIAM C. MORRIS,62,1
390,ITUZAINGO,63,1
391,ITUZAINGO CENTRO,63,1
392,ITUZAINGO SUR,63,1
393,VILLA GOBERNADOR UDADONDO,63,1
394,DEL VISO,64,1
395,JOSE C. PAZ,64,1
396,TORTUGUITAS,64,1
397,AGUSTIN ROCA,65,1
398,AGUSTINA,65,1
399,BALNEARIO LAGUNA DE GOMEZ,65,1
400,FORTIN TIBURCIO,65,1
401,JUNIN,65,1
402,LAPLACETTE,65,1
403,SAFORCADA,65,1
404,AGUAS VERDES,66,1
405,LAS TONINAS,66,1
406,LUCILA DEL MAR,66,1
407,MAR DE AJO,66,1
408,MAR DE AJO - SAN BERNARDO,66,1
409,MAR DE AJO NORTE,66,1
410,MAR DEL TUYU,66,1
411,SAN BERNARDO,66,1
412,SAN CLEMENTE DEL TUYU,66,1
413,SANTA TERESITA,66,1
414,SANTA TERESITA - MAR DEL TUYU,66,1
415,20 DE JUNIO,67,1
416,ALDO BONZI,67,1
417,CIUDAD EVITA,67,1
418,GONZALEZ CATAN,67,1
419,GREGORIO DE LAFERRERE,67,1
420,ISIDRO CASANOVA,67,1
421,LA MATANZA,67,1
422,LA TABLADA,67,1
423,LOMAS DEL MIRADOR,67,1
424,RAFAEL CASTILLO,67,1
425,RAMOS MEJIA,67,1
426,SAN JUSTO,67,1
427,TAPIALES,67,1
428,VILLA EDUARDO MADERO,67,1
429,VILLA LUZURIAGA,67,1
430,VIRREY DEL PINO,67,1
431,ABASTO,68,1
432,ANGEL ETCHEVERRY,68,1
433,ARANA,68,1
434,ARTURO SEGUI,68,1
435,BARRIO EL CARMEN OESTE,68,1
436,BARRIO GAMBIER,68,1
437,BARRIO LAS MALVINAS,68,1
438,BARRIO LAS QUINTAS,68,1
439,CITY BELL,68,1
440,EL RETIRO,68,1
441,JOAQUIN GORINA,68,1
442,JOSE HERNANDEZ,68,1
443,JOSE MELCHOR ROMERO,68,1
444,LA CUMBRE,68,1
445,LA PLATA,68,1
446,LISANDRO OLMOS,68,1
447,LOS HORNOS,68,1
448,MANUEL B. GONNET,68,1
449,RINGUELET,68,1
450,RUFINO DE ELIZALDE,68,1
451,TOLOSA,68,1
452,TRANSRADIO,68,1
453,VILLA ELISA,68,1
454,VILLA ELVIRA,68,1
455,VILLA GARIBALDI,68,1
456,VILLA MONTORO,68,1
457,VILLA PARQUE SICARDI,68,1
458,GERLI,69,1
459,LANUS,69,1
460,LANUS ESTE,69,1
461,LANUS OESTE,69,1
462,MONTE CHINGOLO,69,1
463,REMEDIOS DE ESCALADA DE SAN MARTIN,69,1
464,VALENTIN ALSINA,69,1
465,LAPRIDA,70,1
466,PUEBLO NUEVO,70,1
467,PUEBLO SAN JORGE,70,1
468,CORONEL BOERR,71,1
469,EL TRIGO,71,1
470,LAS FLORES,71,1
471,PARDO,71,1
472,ALBERDI VIEJO,72,1
473,EL DORADO,72,1
474,FORTIN ACHA,72,1
475,JUAN BAUTISTA ALBERDI,72,1
476,LEANDRO N. ALEM,72,1
477,VEDIA,72,1
478,MANUEL J. COBO,73,1
479,ARENAZA,74,1
480,BAYAUCA,74,1
481,BERMUDEZ,74,1
482,CARLOS SALAS,74,1
483,CORONEL MARTINEZ DE HOZ,74,1
484,EL TRIUNFO,74,1
485,LAS TOSCAS,74,1
486,LINCOLN,74,1
487,PASTEUR,74,1
488,ROBERTS,74,1
489,TRIUNVIRATO,74,1
490,ARENAS VERDES,75,1
491,LICENCIADO MATIENZO,75,1
492,LOBERIA,75,1
493,PIERES,75,1
494,SAN MANUEL,75,1
495,TAMANGUEYU,75,1
496,ANTONIO CARBONI,76,1
497,ELVIRA,76,1
498,LAGUNA DE LOBOS,76,1
499,LOBOS,76,1
500,SALVADOR MARIA,76,1
501,BANFIELD,77,1
502,LLAVALLOL,77,1
503,LOMAS DE ZAMORA,77,1
504,TEMPERLEY,77,1
505,TURDERA,77,1
506,VILLA CENTENARIO,77,1
507,VILLA FIORITO,77,1
508,BARRIO LAS CASUARINAS,78,1
509,CARLOS KEEN,78,1
510,CORTINES,78,1
511,COUNTRY CLUB LAS PRADERAS,78,1
512,LEZICA Y TORREZURI,78,1
513,LUJAN,78,1
514,OLIVERA,78,1
515,OPEN DOOR,78,1
516,TORRES,78,1
517,VILLA FLANDRIA NORTE,78,1
518,VILLA FLANDRIA SUR,78,1
519,ATALAYA,79,1
520,GENERAL MANSILLA,79,1
521,LOS NARANJOS,79,1
522,MAGDALENA,79,1
523,ROBERTO J. PAYRO,79,1
524,VIEYTES,79,1
525,LAS ARMAS,80,1
526,MAIPU,80,1
527,SANTO DOMINGO,80,1
528,AREA DE PROMOCION EL TRIANGULO,81,1
529,GRAND BOURG,81,1
530,INGENIERO ADOLFO SOURDEAUX,81,1
531,INGENIERO PABLO NOGUES,81,1
532,LOS POLVORINES,81,1
533,MALVINAS ARGENTINAS,81,1
534,TORTUGUITAS,81,1
535,VILLA DE MAYO,81,1
536,ATLANTIDA,82,1
537,CAMET NORTE,82,1
538,CORONEL VIDAL,82,1
539,FRENTE MAR,82,1
540,GENERAL PIRAN,82,1
541,LA ARMONIA,82,1
542,LA BALIZA,82,1
543,LA CALETA,82,1
544,MAR CHIQUITA,82,1
545,MAR DE COBO,82,1
546,PLAYA DORADA,82,1
547,SANTA CLARA DEL MAR,82,1
548,SANTA ELENA,82,1
549,VIVORATA,82,1
550,BARRIO LISANDRO DE LA TORRE Y SANTA MARTA,83,1
551,MARCOS PAZ,83,1
552,GOWLAND,84,1
553,JORGE BORN,84,1
554,MERCEDES,84,1
555,LIBERTAD,85,1
556,MARIANO ACOSTA,85,1
557,MERLO,85,1
558,PONTEVEDRA,85,1
559,SAN ANTONIO DE PADUA,85,1
560,ABBOTT,86,1
561,SAN MIGUEL DEL MONTE,86,1
562,ZENON VIDELA DORNA,86,1
563,BALNEARIO SAUCE GRANDE,87,1
564,MONTE HERMOSO,87,1
565,CUARTEL V,88,1
566,FRANCISCO ALVAREZ,88,1
567,LA REJA,88,1
568,MORENO,88,1
569,PASO DEL REY,88,1
570,TRUJUI,88,1
571,CASTELAR,89,1
572,EL PALOMAR,89,1
573,HAEDO,89,1
574,MORON,89,1
575,VILLA SARMIENTO,89,1
576,JOSE JUAN ALMEYRA,90,1
577,LAS MARIANAS,90,1
578,NAVARRO,90,1
579,VILLA MOLL,90,1
580,CLARAZ,91,1
581,COSTA BONITA,91,1
582,JUAN N. FERNANDEZ,91,1
583,NECOCHEA,91,1
584,NECOCHEA - QUEQUEN,91,1
585,NICANOR OLIVERA,91,1
586,QUEQUEN,91,1
587,RAMON SANTAMARINA,91,1
588,COLONIA HINOJO,92,1
589,COLONIA SAN MIGUEL,92,1
590,ESPIGAS,92,1
591,HINOJO,92,1
592,OLAVARRIA,92,1
593,RECALDE,92,1
594,SANTA LUISA,92,1
595,SIERRA CHICA,92,1
596,SIERRAS BAYAS,92,1
597,VILLA ALFREDO FORTABAT,92,1
598,VILLA ARRIETA,92,1
599,VILLA LA SERRANIA,92,1
600,BAHIA SAN BLAS,93,1
601,CARDENAL CAGLIERO,93,1
602,CARMEN DE PATAGONES,93,1
603,JOSE B. CASAS,93,1
604,JUAN A. PRADERE,93,1
605,STROEDER,93,1
606,VILLALONGA,93,1
607,CAPITAN CASTRO,94,1
608,FRANCISCO MADERO,94,1
609,JUAN JOSE PASO,94,1
610,MAGDALA,94,1
611,MONES CAZON,94,1
612,NUEVA PLATA,94,1
613,PEHUAJO,94,1
614,SAN BERNARDO,94,1
615,SAN ESTEBAN,94,1
616,BOCAYUVA,95,1
617,DE BARY,95,1
618,PELLEGRINI,95,1
619,ACEVEDO,96,1
620,FONTEZUELA,96,1
621,GUERRICO,96,1
622,JUAN A. DE LA PE\u00d1A,96,1
623,JUAN ANCHORENA,96,1
624,LA VIOLETA,96,1
625,MANUEL OCAMPO,96,1
626,MARIANO BENITEZ,96,1
627,MARIANO H. ALFONZO,96,1
628,PERGAMINO,96,1
629,PINZON,96,1
630,RANCAGUA,96,1
631,VILLA ANGELICA,96,1
632,VILLA SAN JOSE,96,1
633,CASALINS,97,1
634,PILA,97,1
635,DEL VISO,98,1
636,FATIMA,98,1
637,LA LONJA,98,1
638,LOS CACHORROS,98,1
639,MANZANARES,98,1
640,MANZONE,98,1
641,MAQUINISTA F. SAVIO OESTE,98,1
642,PILAR,98,1
643,PRESIDENTE DERQUI,98,1
644,ROBERTO DE VICENZO,98,1
645,SANTA TERESA,98,1
646,TORTUGUITAS,98,1
647,VILLA ASTOLFI,98,1
648,VILLA ROSA,98,1
649,ZELAYA,98,1
650,CARILO,99,1
651,OSTENDE,99,1
652,PINAMAR,99,1
653,VALERIA DEL MAR,99,1
654,BARRIO AMERICA UNIDA,100,1
655,GUERNICA,100,1
656,PRESIDENTE PERON,100,1
657,17 DE AGOSTO,101,1
658,AZOPARDO,101,1
659,BORDENAVE,101,1
660,DARREGUEIRA,101,1
661,ESTELA,101,1
662,FELIPE SOLA,101,1
663,LOPEZ LECUBE,101,1
664,PUAN,101,1
665,SAN GERMAN,101,1
666,VILLA CASTELAR,101,1
667,VILLA IRIS,101,1
668,ALVAREZ JONTE,102,1
669,PIPINAS,102,1
670,PUNTA INDIO,102,1
671,VERONICA,102,1
672,BERNAL,103,1
673,BERNAL OESTE,103,1
674,DON BOSCO,103,1
675,EZPELETA,103,1
676,EZPELETA OESTE,103,1
677,QUILMES,103,1
678,QUILMES OESTE,103,1
679,SAN FRANCISCO SOLANO,103,1
680,VILLA LA FLORIDA,103,1
681,EL PARAISO,104,1
682,LAS BAHAMAS,104,1
683,PEREZ MILLAN,104,1
684,RAMALLO,104,1
685,VILLA GENERAL SAVIO,104,1
686,VILLA RAMALLO,104,1
687,RAUCH,105,1
688,AMERICA,106,1
689,FORTIN OLAVARRIA,106,1
690,GONZALEZ MORENO,106,1
691,MIRA PAMPA,106,1
692,ROOSEVELT,106,1
693,SAN MAURICIO,106,1
694,SANSINENA,106,1
695,SUNDBLAD,106,1
696,BARRIO LAS MARGARITAS,107,1
697,LA BEBA,107,1
698,LAS CARABELAS,107,1
699,LOS INDIOS,107,1
700,RAFAEL OBLIGADO,107,1
701,ROBERTO CANO,107,1
702,ROJAS,107,1
703,SOL DE MAYO,107,1
704,VILLA MANUEL POMAR,107,1
705,VILLA PARQUE CECIR,107,1
706,CARLOS BEGUERIE,108,1
707,ROQUE PEREZ,108,1
708,ARROYO CORTO,109,1
709,COLONIA SAN MARTIN,109,1
710,DUFAUR,109,1
711,ESPARTILLAR,109,1
712,GOYENA,109,1
713,PIG\u00dcE,109,1
714,SAAVEDRA,109,1
715,ALVAREZ DE TOLEDO,110,1
716,CAZON,110,1
717,DEL CARRIL,110,1
718,POLVAREDAS,110,1
719,QUENUMA,111,1
720,SALLIQUELO,111,1
721,ARROYO DULCE,112,1
722,BERDIER,112,1
723,GAHAN,112,1
724,INES INDART,112,1
725,LA INVENCIBLE,112,1
726,SALTO,112,1
727,AZCUENAGA,113,1
728,CUCULLU,113,1
729,FRANKLIN,113,1
730,SAN ANDRES DE GILES,113,1
731,SOLIS,113,1
732,VILLA ESPIL,113,1
733,VILLA RUIZ,113,1
734,DUGGAN,114,1
735,SAN ANTONIO DE ARECO,114,1
736,VILLA LIA,114,1
737,BALNEARIO SAN CAYETANO,115,1
738,OCHANDIO,115,1
739,SAN CAYETANO,115,1
740,SAN FERNANDO,116,1
741,VICTORIA,116,1
742,VIRREYES,116,1
743,ACASUSSO,117,1
744,BECCAR,117,1
745,BOULOGNE SUR MER,117,1
746,MARTINEZ,117,1
747,SAN ISIDRO,117,1
748,VILLA ADELINA,117,1
749,BELLA VISTA,118,1
750,CAMPO DE MAYO,118,1
751,MU\u00d1IZ,118,1
752,SAN MIGUEL,118,1
753,CAMPOS SALLES,119,1
754,CONESA,119,1
755,EREZCANO,119,1
756,GENERAL ROJO,119,1
757,LA EMILIA,119,1
758,SAN NICOLAS DE LOS ARROYOS,119,1
759,VILLA CAMPI,119,1
760,VILLA CANTO,119,1
761,VILLA ESPERANZA,119,1
762,VILLA RICCIO,119,1
763,GOBERNADOR CASTRO,120,1
764,OBLIGADO,120,1
765,PUEBLO DOYLE,120,1
766,RIO TALA,120,1
767,SAN PEDRO,120,1
768,SANTA LUCIA,120,1
769,ALEJANDRO KORN,121,1
770,DOMSELAAR,121,1
771,SAN VICENTE,121,1
772,GENERAL RIVAS,122,1
773,SUIPACHA,122,1
774,DE LA CANAL,123,1
775,GARDEY,123,1
776,MARIA IGNACIA,123,1
777,TANDIL,123,1
778,CROTTO,124,1
779,TAPALQUE,124,1
780,VELLOSO,124,1
781,BENAVIDEZ,125,1
782,DIQUE LUJAN,125,1
783,DON TORCUATO ESTE,125,1
784,DON TORCUATO OESTE,125,1
785,EL TALAR,125,1
786,GENERAL PACHECO,125,1
787,RICARDO ROJAS,125,1
788,RINCON DE MILBERG,125,1
789,TIGRE,125,1
790,TRONCOS DEL TALAR,125,1
791,GENERAL CONESA,126,1
792,CHASICO,127,1
793,LA GRUTA,127,1
794,TORNQUIST,127,1
795,TRES PICOS,127,1
796,VILLA VENTANA,127,1
797,30 DE AGOSTO,128,1
798,BERUTTI,128,1
799,GIRODIAS,128,1
800,LA CARRETA,128,1
801,TRENQUE LAUQUEN,128,1
802,TRONGE,128,1
803,BALNEARIO ORENSE,129,1
804,CLAROMECO,129,1
805,COPETONAS,129,1
806,DUNAMAR,129,1
807,LIN CALEL,129,1
808,MICAELA CASCALLARES,129,1
809,ORENSE,129,1
810,RETA,129,1
811,SAN FRANCISCO DE BELLOCQ,129,1
812,SAN MAYOL,129,1
813,TRES ARROYOS,129,1
814,VILLA RODRIGUEZ,129,1
815,11 DE SEPTIEMBRE,130,1
816,CASEROS,130,1
817,CHURRUCA,130,1
818,CIUDAD JARDIN LOMAS DEL PALOMAR,130,1
819,CIUDADELA,130,1
820,EL LIBERTADOR,130,1
821,JOSE INGENIEROS,130,1
822,LOMA HERMOSA,130,1
823,MARTIN CORONADO,130,1
824,PABLO PODESTA,130,1
825,REMEDIOS DE ESCALADA,130,1
826,SAENZ PE\u00d1A,130,1
827,SANTOS LUGARES,130,1
828,TRES DE FEBRERO,130,1
829,VILLA BOSCH,130,1
830,VILLA RAFFO,130,1
831,INGENIERO THOMPSON,131,1
832,TRES LOMAS,131,1
833,CARAPACHAY,132,1
834,FLORIDA,132,1
835,FLORIDA OESTE,132,1
836,LA LUCILA,132,1
837,MUNRO,132,1
838,OLIVOS,132,1
839,VICENTE LOPEZ,132,1
840,VILLA ADELINA,132,1
841,VILLA MARTELLI,132,1
842,MAR AZUL,133,1
843,MAR DE LAS PAMPAS,133,1
844,VILLA GESELL,133,1
845,ARGERICH,134,1
846,HILARIO ASCASUBI,134,1
847,JUAN COUSTE,134,1
848,MAYOR BURATOVICH,134,1
849,MEDANOS,134,1
850,PEDRO LURO,134,1
851,TENIENTE ORIGONE,134,1
852,BARRIO SAAVEDRA,135,1
853,ESCALADA,135,1
854,LIMA,135,1
855,ZARATE,135,1
856,CHUCHUCARUANA,136,2
857,COLPES,136,2
858,EL BOLSON,136,2
859,EL RODEO,136,2
860,HUAYCAMA,136,2
861,LA PUERTA,136,2
862,LAS CHACRITAS,136,2
863,LAS JUNTAS,136,2
864,LOS CASTILLOS,136,2
865,LOS TALAS,136,2
866,LOS VARELA,136,2
867,SINGUIL,136,2
868,ANCASTI,137,2
869,ANQUINCILA,137,2
870,LA CANDELARIA,137,2
871,LA MAJADA,137,2
872,ACONQUIJA,138,2
873,ALTO DE LAS JUNTAS,138,2
874,AMANAO,138,2
875,ANDALGALA,138,2
876,BUENA VISTA,138,2
877,CHAQUIAGO,138,2
878,CHOYA,138,2
879,EL ALAMITO,138,2
880,EL LINDERO,138,2
881,EL POTRERO,138,2
882,LA MESADA,138,2
883,ANTOFAGASTA DE LA SIERRA,139,2
884,EL PE\u00d1ON,139,2
885,LOS NACIMIENTOS,139,2
886,BARRANCA LARGA,140,2
887,BELEN,140,2
888,CONDOR HUASI,140,2
889,CORRAL QUEMADO,140,2
890,EL DURAZNO,140,2
891,FARALLON NEGRO,140,2
892,HUALFIN,140,2
893,JACIPUNCO,140,2
894,LA PUNTILLA,140,2
895,LAS JUNTAS,140,2
896,LONDRES,140,2
897,LOS NACIMIENTOS,140,2
898,PUERTA DE CORRAL QUEMADO,140,2
899,PUERTA DE SAN JOSE,140,2
900,VILLA VIL,140,2
901,CAPAYAN,141,2
902,CHUMBICHA,141,2
903,COLONIA DEL VALLE,141,2
904,COLONIA NUEVA CONETA,141,2
905,CONCEPCION,141,2
906,CONETA,141,2
907,EL BA\u00d1ADO,141,2
908,HUILLAPIMA,141,2
909,LOS ANGELES,141,2
910,LOS ANGELES NORTE,141,2
911,LOS ANGELES SUR,141,2
912,MIRAFLORES,141,2
913,SAN MARTIN,141,2
914,SAN PABLO,141,2
915,SAN PEDRO,141,2
916,SAN FERNANDO DEL VALLE DE CATAMARCA,142,2
917,EL ALTO,143,2
918,GUAYAMBA,143,2
919,INFANZON,143,2
920,LOS CORRALES,143,2
921,TAPSO,143,2
922,VILISMAN,143,2
923,EL HUECO,144,2
924,LA CARRERA,144,2
925,LA FALDA DE SAN ANTONIO,144,2
926,LA TERCENA,144,2
927,POMANCILLO ESTE,144,2
928,POMANCILLO OESTE,144,2
929,SAN ANTONIO,144,2
930,SAN JOSE,144,2
931,VILLA LAS PIRQUITAS,144,2
932,CASA DE PIEDRA,145,2
933,EL AYBAL,145,2
934,EL BA\u00d1ADO,145,2
935,EL DIVISADERO,145,2
936,EL QUIMILO,145,2
937,ESQUIU,145,2
938,ICA\u00d1O,145,2
939,LA DORADA,145,2
940,LA GUARDIA,145,2
941,LAS ESQUINAS,145,2
942,QUIROS,145,2
943,RAMBLONES,145,2
944,RECREO,145,2
945,SAN ANTONIO,145,2
946,AMADORES,146,2
947,LA HIGUERA,146,2
948,LA MERCED,146,2
949,LA VI\u00d1A,146,2
950,LAS LAJAS,146,2
951,MONTE POTRERO,146,2
952,PALO LABRADO,146,2
953,SAN ANTONIO,146,2
954,VILLA DE BALCOZNA,146,2
955,COLANA,147,2
956,COLPES,147,2
957,EL PAJONAL,147,2
958,MUTQUIN,147,2
959,POMAN,147,2
960,RINCON,147,2
961,SAN MIGUEL,147,2
962,SAUJIL,147,2
963,SIJAN,147,2
964,ANDALHUALA,148,2
965,CASA DE PIEDRA,148,2
966,CHA\u00d1AR PUNCO,148,2
967,EL CAJON,148,2
968,EL CERRITO,148,2
969,EL DESMONTE,148,2
970,EL PUESTO,148,2
971,FAMATANCA,148,2
972,FUERTE QUEMADO,148,2
973,LA HOYADA,148,2
974,LA PUNTILLA,148,2
975,LAMPACITO,148,2
976,LAS MOJARRAS,148,2
977,MEDANITOS,148,2
978,PALO SECO,148,2
979,PUNTA DE BALASTO,148,2
980,SAN JOSE,148,2
981,SAN JOSE BANDA,148,2
982,SAN JOSE NORTE,148,2
983,SAN JOSE VILLA,148,2
984,SANTA MARIA,148,2
985,YAPES,148,2
986,ALIJILAN,149,2
987,BA\u00d1ADO DE OVANTA,149,2
988,LAS CA\u00d1AS,149,2
989,LAVALLE,149,2
990,LOS ALTOS,149,2
991,MANANTIALES,149,2
992,SAN PEDRO,149,2
993,ANILLACO,150,2
994,COPACABANA,150,2
995,EL PUESTO,150,2
996,EL SALADO,150,2
997,FIAMBALA,150,2
998,LA PUNTILLA,150,2
999,LA RAMADITA,150,2
1000,MEDANITOS,150,2
1001,PALO BLANCO,150,2
1002,PAMPA BLANCA,150,2
1003,SAUJIL,150,2
1004,TINOGASTA,150,2
1005,EL BA\u00d1ADO,151,2
1006,EL PORTEZUELO,151,2
1007,HUAYCAMA,151,2
1008,LAS TEJAS,151,2
1009,POLCOS,151,2
1010,POZO DEL MISTOL,151,2
1011,SAN ISIDRO,151,2
1012,SANTA CRUZ,151,2
1013,SANTA ROSA,151,2
1014,SUMALAO,151,2
1015,VILLA DOLORES,151,2
1016,BARRIO DE LOS PESCADORES,152,3
1017,COLONIA BENITEZ,152,3
1018,MARGARITA BELEN,152,3
1019,GANCEDO,153,3
1020,GENERAL CAPDEVILA,153,3
1021,GENERAL PINEDO,153,3
1022,MESON DE FIERRO,153,3
1023,PAMPA LANDRIEL,153,3
1024,HERMOSO CAMPO,154,3
1025,ITIN,154,3
1026,COLONIA ABORIGEN,155,3
1027,MACHAGAI,155,3
1028,NAPALPI,155,3
1029,LAS BRE\u00d1AS,156,3
1030,CONCEPCION DEL BERMEJO,157,3
1031,LOS FRENTONES,157,3
1032,PAMPA DEL INFIERNO,157,3
1033,RIO MUERTO,157,3
1034,TACO POZO,157,3
1035,GENERAL VEDIA,158,3
1036,ISLA DEL CERRITO,158,3
1037,LA LEONESA,158,3
1038,LAS PALMAS,158,3
1039,PUERTO BERMEJO NUEVO,158,3
1040,PUERTO BERMEJO VIEJO,158,3
1041,PUERTO EVA PERON,158,3
1042,CHARATA,159,3
1043,PRESIDENCIA ROQUE SAENZ PE\u00d1A,160,3
1044,CHOROTIS,161,3
1045,SANTA SYLVINA,161,3
1046,VENADOS GRANDES,161,3
1047,CORZUELA,162,3
1048,LA ESCONDIDA,163,3
1049,LA VERDE,163,3
1050,LAPACHITO,163,3
1051,MAKALLE,163,3
1052,EL ESPINILLO,164,3
1053,EL SAUZAL,164,3
1054,EL SAUZALITO,164,3
1055,FORTIN LAVALLE,164,3
1056,FUERTE ESPERANZA,164,3
1057,JUAN JOSE CASTELLI,164,3
1058,MIRAFLORES,164,3
1059,NUEVA POMPEYA,164,3
1060,VILLA RIO BERMEJITO,164,3
1061,WICHI,164,3
1062,ZAPARINQUI,164,3
1063,AVIA TERAI,165,3
1064,CAMPO LARGO,165,3
1065,FORTIN LAS CHU\u00d1AS,165,3
1066,NAPENAY,165,3
1067,COLONIA POPULAR,166,3
1068,ESTACION GENERAL OBLIGADO,166,3
1069,LAGUNA BLANCA,166,3
1070,PUERTO TIROL,166,3
1071,CIERVO PETISO,167,3
1072,GENERAL JOSE DE SAN MARTIN,167,3
1073,LA EDUVIGIS,167,3
1074,LAGUNA LIMPIA,167,3
1075,PAMPA ALMIRON,167,3
1076,PAMPA DEL INDIO,167,3
1077,PRESIDENCIA ROCA,167,3
1078,SELVAS DEL RIO DE ORO,167,3
1079,TRES ISLETAS,168,3
1080,CORONEL DU GRATY,169,3
1081,ENRIQUE URIEN,169,3
1082,VILLA ANGELA,169,3
1083,LA CLOTILDE,170,3
1084,LA TIGRA,170,3
1085,SAN BERNARDO,170,3
1086,PRESIDENCIA DE LA PLAZA,171,3
1087,QUITILIPI,172,3
1088,VILLA EL PALMAR,172,3
1089,BARRANQUERAS,173,3
1090,BASAIL,173,3
1091,COLONIA BARANDA,173,3
1092,FONTANA,173,3
1093,PUERTO VILELAS,173,3
1094,RESISTENCIA,173,3
1095,SAMUHU,174,3
1096,VILLA BERTHET,174,3
1097,CAPITAN SOLARI,175,3
1098,COLONIA ELISA,175,3
1099,COLONIAS UNIDAS,175,3
1100,INGENIERO BARBET,175,3
1101,LAS GARCITAS,175,3
1102,CHARADAI,176,3
1103,COTE LAI,176,3
1104,HAUMONIA,176,3
1105,HORQUILLA,176,3
1106,LA SABANA,176,3
1107,ARROYO VERDE,177,4
1108,PUERTO MADRYN,177,4
1109,PUERTO PIRAMIDES,177,4
1110,QUINTAS EL MIRADOR,177,4
1111,RESERVA AREA PROTEGIDA EL DORADILLO,177,4
1112,BUENOS AIRES CHICO,178,4
1113,CHOLILA,178,4
1114,CUSHAMEN CENTRO,178,4
1115,EL HOYO,178,4
1116,EL MAITEN,178,4
1117,EPUYEN,178,4
1118,GUALJAINA,178,4
1119,LAGO EPUYEN,178,4
1120,LAGO PUELO,178,4
1121,ACCESO NORTE,179,4
1122,ASTRA,179,4
1123,BARRIO 25 DE MAYO,179,4
1124,BARRIO CALETA CORDOVA,179,4
1125,BARRIO CASTELLI,179,4
1126,BARRIO CIUDADELA,179,4
1127,BARRIO GASODUCTO,179,4
1128,BARRIO G\u00dcEMES,179,4
1129,BARRIO LAPRIDA,179,4
1130,BARRIO MANANTIAL ROSALES,179,4
1131,BARRIO MILITAR Y AEROPUERTO,179,4
1132,BARRIO PROSPERO PALAZZO,179,4
1133,BARRIO RESTINGA ALI,179,4
1134,BARRIO RODRIGUEZ PE\u00d1A,179,4
1135,BARRIO SAAVEDRA,179,4
1136,BARRIO SARMIENTO,179,4
1137,BARRIO VILLA S.U.P.E.,179,4
1138,CALETA OLIVARES,179,4
1139,COMODORO RIVADAVIA,179,4
1140,DIADEMA ARGENTINA,179,4
1141,KILOMETRO 11 - CUARTELES,179,4
1142,KILOMETRO 3 - GENERAL MOSCONI,179,4
1143,KILOMETRO 5 - PRESIDENTE ORTIZ,179,4
1144,KILOMETRO 8 - DON BOSCO,179,4
1145,RADA TILLY,179,4
1146,CAMARONES,180,4
1147,ALDEA ESCOLAR (LOS RAPIDOS),181,4
1148,CORCOVADO,181,4
1149,ESQUEL,181,4
1150,LAGO ROSARIO,181,4
1151,LOS CIPRESES,181,4
1152,TREVELIN,181,4
1153,28 DE JULIO,182,4
1154,DIQUE FLORENTINO AMEGHINO,182,4
1155,DOLAVON,182,4
1156,GAIMAN,182,4
1157,GASTRE,183,4
1158,LAGUNITA SALADA,183,4
1159,ALDEA EPULEF,184,4
1160,CARRENLEUFU,184,4
1161,COLAN CONHUE,184,4
1162,PASO DEL SAPO,184,4
1163,TECKA,184,4
1164,LAS PLUMAS,185,4
1165,LOS ALTARES,186,4
1166,PASO DE INDIOS,186,4
1167,PLAYA MAGAGNA,187,4
1168,PLAYA UNION,187,4
1169,RAWSON,187,4
1170,TRELEW,187,4
1171,ALDEA APELEG,188,4
1172,ALDEA BELEIRO,188,4
1173,ALTO RIO SENGUER,188,4
1174,DOCTOR RICARDO ROJAS,188,4
1175,FACUNDO,188,4
1176,LAGO BLANCO,188,4
1177,RIO MAYO,188,4
1178,BUEN PASTO,189,4
1179,SARMIENTO,189,4
1180,DOCTOR OSCAR ATILIO VIGLIONE,190,4
1181,GOBERNADOR COSTA,190,4
1182,JOSE DE SAN MARTIN,190,4
1183,RIO PICO,190,4
1184,GAN GAN,191,4
1185,CONSTITUCION,192,5
1186,MONSERRAT,192,5
1187,PUERTO MADERO,192,5
1188,RETIRO,192,5
1189,SAN NICOLAS,192,5
1190,SAN TELMO,192,5
1191,FLORESTA,193,5
1192,MONTE CASTRO,193,5
1193,VELEZ SARSFIELD,193,5
1194,VERSALLES,193,5
1195,VILLA LURO,193,5
1196,VILLA REAL,193,5
1197,VILLA DEL PARQUE,194,5
1198,VILLA DEVOTO,194,5
1199,VILLA GENERAL MITRE,194,5
1200,VILLA SANTA RITA,194,5
1201,COGHLAN,195,5
1202,SAAVEDRA,195,5
1203,VILLA PUEYRREDON,195,5
1204,VILLA URQUIZA,195,5
1205,BELGRANO,196,5
1206,COLEGIALES,196,5
1207,NU\u00d1EZ,196,5
1208,PALERMO,197,5
1209,AGRONOMIA,198,5
1210,CHACARITA,198,5
1211,PARQUE CHAS,198,5
1212,PATERNAL,198,5
1213,VILLA CRESPO,198,5
1214,VILLA ORTUZAR,198,5
1215,CIUDAD DE BUENOS AIRES,199,5
1216,RECOLETA,199,5
1217,BALVANERA,200,5
1218,SAN CRISTOBAL,200,5
1219,BARRACAS,201,5
1220,BOCA,201,5
1221,NUEVA POMPEYA,201,5
1222,PARQUE PATRICIOS,201,5
1223,ALMAGRO,202,5
1224,BOEDO,202,5
1225,CABALLITO,203,5
1226,FLORES,204,5
1227,PARQUE CHACABUCO,204,5
1228,VILLA LUGANO,205,5
1229,VILLA RIACHUELO,205,5
1230,VILLA SOLDATI,205,5
1231,LINIERS,206,5
1232,MATADEROS,206,5
1233,PARQUE AVELLANEDA,206,5
1234,AMBOY,207,6
1235,CA\u00d1ADA DEL SAUCE,207,6
1236,EL CORCOVADO - EL TORREON,207,6
1237,EL DURAZNO,207,6
1238,EMBALSE,207,6
1239,LA CRUZ,207,6
1240,LA CUMBRECITA,207,6
1241,LAS BAJADAS,207,6
1242,LAS CALERAS,207,6
1243,LOS CONDORES,207,6
1244,LOS MOLINOS,207,6
1245,LOS REARTES,207,6
1246,LUTTI,207,6
1247,PARQUE CALMAYO,207,6
1248,RIO DE LOS SAUCES,207,6
1249,SAN AGUSTIN,207,6
1250,SAN IGNACIO (LOTEO SAN JAVIER),207,6
1251,SAN IGNACIO (LOTEO VELEZ CRESPO),207,6
1252,SANTA MONICA,207,6
1253,SANTA ROSA DE CALAMUCHITA,207,6
1254,SEGUNDA USINA,207,6
1255,SOLAR DE LOS MOLINOS,207,6
1256,VA.CIUDAD PQUE.LOS REARTES (1\u00b0 SECCION),207,6
1257,VA.CIUDAD PQUE.LOS REARTES (3\u00b0 SECCION),207,6
1258,VILLA AMANCAY,207,6
1259,VILLA CIUDAD PARQUE LOS REARTES,207,6
1260,VILLA DEL DIQUE,207,6
1261,VILLA GENERAL BELGRANO,207,6
1262,VILLA LA RIVERA,207,6
1263,VILLA QUILLINZO,207,6
1264,VILLA RUMIPAL,207,6
1265,VILLA SAN MIGUEL,207,6
1266,VILLA YACANTO,207,6
1267,CORDOBA,208,6
1268,JARDIN ARENALES,208,6
1269,LA FLORESTA,208,6
1270,1\u00b0 DE AGOSTO,209,6
1271,AGUA DE ORO,209,6
1272,ALLMIRANTE BROWN,209,6
1273,ASCOCHINGA,209,6
1274,CIUDAD DE LOS NI\u00d1OS,209,6
1275,COLONIA CAROYA,209,6
1276,COLONIA TIROLESA,209,6
1277,COLONIA VICENTE AG\u00dcERO,209,6
1278,DUMESNIL,209,6
1279,EL DIQUECITO,209,6
1280,EL MANZANO,209,6
1281,EL PUEBLITO,209,6
1282,GENERAL PAZ,209,6
1283,GUI\u00d1AZU NORTE,209,6
1284,JESUS MARIA,209,6
1285,JUAREZ CELMAN,209,6
1286,LA CALERA,209,6
1287,LA GRANJA,209,6
1288,LA PUERTA,209,6
1289,MALVINAS ARGENTINAS,209,6
1290,MENDIOLAZA,209,6
1291,MI GRANJA,209,6
1292,PARQUE NORTE,209,6
1293,PARQUE NORTE - CIUDAD DE LOS NI\u00d1OS - GUI\u00d1AZU NORTE,209,6
1294,RIO CEBALLOS,209,6
1295,SALDAN,209,6
1296,SALSIPUEDES,209,6
1297,TINOCO,209,6
1298,UNQUILLO,209,6
1299,VILLA ALLENDE,209,6
1300,VILLA CERRO AZUL,209,6
1301,VILLA CORAZON DE MARIA,209,6
1302,VILLA LOS LLANOS,209,6
1303,VILLA LOS LLANOS - JUAREZ CELMAN,209,6
1304,VILLA PASTORA,209,6
1305,ALTO DE LOS QUEBRACHOS,210,6
1306,BA\u00d1ADO DE SOTO,210,6
1307,CRUZ DE CA\u00d1A,210,6
1308,CRUZ DEL EJE,210,6
1309,EL BRETE,210,6
1310,GUANACO MUERTO,210,6
1311,LA BATEA,210,6
1312,LA HIGUERA,210,6
1313,LAS CA\u00d1ADAS,210,6
1314,LAS PLAYAS,210,6
1315,LOS CHA\u00d1ARITOS,210,6
1316,MEDIA NARANJA,210,6
1317,PASO VIEJO,210,6
1318,SAN MARCOS SIERRA,210,6
1319,SERREZUELA,210,6
1320,TUCLAME,210,6
1321,VILLA DE SOTO,210,6
1322,DEL CAMPILLO,211,6
1323,HIPOLITO BOUCHARD,211,6
1324,HUINCA RENANCO,211,6
1325,ITALO,211,6
1326,MATTALDI,211,6
1327,NICOLAS BRUZZONE,211,6
1328,ONAGOITY,211,6
1329,PINCEN,211,6
1330,RANQUELES,211,6
1331,SANTA MAGDALENA,211,6
1332,VILLA HUIDOBRO,211,6
1333,VILLA SARMIENTO,211,6
1334,VILLA VALERIA,211,6
1335,ARROYO ALGODON,212,6
1336,ARROYO CABRAL,212,6
1337,AUSONIA,212,6
1338,CHAZON,212,6
1339,ETRURIA,212,6
1340,LA LAGUNA,212,6
1341,LA PALESTINA,212,6
1342,LA PLAYOSA,212,6
1343,LUCA,212,6
1344,PASCO,212,6
1345,SANABRIA,212,6
1346,SILVIO PELLICO,212,6
1347,TICINO,212,6
1348,TIO PUJIO,212,6
1349,VILLA MARIA,212,6
1350,VILLA NUEVA,212,6
1351,VILLA OESTE,212,6
1352,AVELLANEDA,213,6
1353,CA\u00d1ADA DE RIO PINTO,213,6
1354,CHU\u00d1A,213,6
1355,COPACABANA,213,6
1356,DEAN FUNES,213,6
1357,LOS POZOS,213,6
1358,OLIVARES DE SAN NICOLAS,213,6
1359,QUILINO,213,6
1360,VILLA GUTIERREZ,213,6
1361,ALEJANDRO ROCA,214,6
1362,ASSUNTA,214,6
1363,BENGOLEA,214,6
1364,CARNERILLO,214,6
1365,CHARRAS,214,6
1366,EL RASTREADOR,214,6
1367,GENERAL CABRERA,214,6
1368,GENERAL DEHEZA,214,6
1369,HUANCHILLAS,214,6
1370,LA CARLOTA,214,6
1371,LOS CISNES,214,6
1372,OLAETA,214,6
1373,PACHECO DE MELO,214,6
1374,PASO DEL DURAZNO,214,6
1375,SANTA EUFEMIA,214,6
1376,UCACHA,214,6
1377,VILLA REDUCCION,214,6
1378,ALEJO LEDESMA,215,6
1379,ARIAS,215,6
1380,CAMILO ALDAO,215,6
1381,CAPITAN GENERAL BERNARDO OHIGGINS,215,6
1382,CAVANAGH,215,6
1383,COLONIA BARGE,215,6
1384,COLONIA ITALIANA,215,6
1385,COLONIA VEINTICINCO,215,6
1386,CORRAL DE BUSTOS,215,6
1387,CRUZ ALTA,215,6
1388,GENERAL BALDISSERA,215,6
1389,GENERAL ROCA,215,6
1390,GUATIMOZIN,215,6
1391,INRIVILLE,215,6
1392,ISLA VERDE,215,6
1393,LEONES,215,6
1394,LOS SURGENTES,215,6
1395,MARCOS JUAREZ,215,6
1396,MONTE BUEY,215,6
1397,SAIRA,215,6
1398,SALADILLO,215,6
1399,VILLA ELISA,215,6
1400,CIENAGA DEL CORO,216,6
1401,EL CHACHO,216,6
1402,ESTANCIA DE GUADALUPE,216,6
1403,GUASAPAMPA,216,6
1404,LA PLAYA,216,6
1405,SAN CARLOS MINAS,216,6
1406,TALAINI,216,6
1407,TOSNO,216,6
1408,CHANCANI,217,6
1409,LAS PALMAS,217,6
1410,LOS TALARES,217,6
1411,SALSACATE,217,6
1412,SAN GERONIMO,217,6
1413,TALA CA\u00d1ADA,217,6
1414,VILLA DE POCHO,217,6
1415,GENERAL LEVALLE,218,6
1416,LA CESIRA,218,6
1417,LABOULAYE,218,6
1418,LEGUIZAMON,218,6
1419,MELO,218,6
1420,RIO BAMBA,218,6
1421,ROSALES,218,6
1422,SAN JOAQUIN,218,6
1423,SERRANO,218,6
1424,VILLA ROSSI,218,6
1425,BIALET MASSE,219,6
1426,CABALANGO,219,6
1427,CAPILLA DEL MONTE,219,6
1428,CASA GRANDE,219,6
1429,CHARBONIER,219,6
1430,COSQUIN,219,6
1431,CUESTA BLANCA,219,6
1432,ESTANCIA VIEJA,219,6
1433,HUERTA GRANDE,219,6
1434,LA CUMBRE,219,6
1435,LA FALDA,219,6
1436,LAS JARILLAS,219,6
1437,LOS COCOS,219,6
1438,MALLIN,219,6
1439,MAYU SUMAJ,219,6
1440,SAN ANTONIO DE ARREDONDO,219,6
1441,SAN ESTEBAN,219,6
1442,SAN ROQUE,219,6
1443,SAN ROQUE DEL LAGO,219,6
1444,SANTA MARIA DE PUNILLA,219,6
1445,TALA HUASI,219,6
1446,TANTI,219,6
1447,VALLE HERMOSO,219,6
1448,VILLA CARLOS PAZ,219,6
1449,VILLA FLOR SERRANA,219,6
1450,VILLA GIARDINO,219,6
1451,VILLA LAGO AZUL,219,6
1452,VILLA PARQUE SIQUIMAN,219,6
1453,VILLA RIO ICHO CRUZ,219,6
1454,VILLA SANTA CRUZ DEL LAGO,219,6
1455,ACHIRAS,220,6
1456,ADELIA MARIA,220,6
1457,ALCIRA GIGENA,220,6
1458,ALPA CORRAL,220,6
1459,BERROTARAN,220,6
1460,BULNES,220,6
1461,CHAJAN,220,6
1462,CHUCUL,220,6
1463,CORONEL BAIGORRIA,220,6
1464,CORONEL MOLDES,220,6
1465,ELENA,220,6
1466,LA CAROLINA,220,6
1467,LA CAUTIVA,220,6
1468,LAS ACEQUIAS,220,6
1469,LAS ALBAHACAS,220,6
1470,LAS HIGUERAS,220,6
1471,LAS PE\u00d1AS,220,6
1472,LAS VERTIENTES,220,6
1473,MALENA,220,6
1474,MONTE DE LOS GAUCHOS,220,6
1475,RIO CUARTO,220,6
1476,SAMPACHO,220,6
1477,SAN BASILIO,220,6
1478,SANTA CATALINA HOLMBERG,220,6
1479,SUCO,220,6
1480,TOSQUITAS,220,6
1481,VICU\u00d1A MACKENNA,220,6
1482,VILLA EL CHACAY,220,6
1483,WASHINGTON,220,6
1484,ATAHONA,221,6
1485,CA\u00d1ADA DE MACHADO,221,6
1486,CAPILLA DE LOS REMEDIOS,221,6
1487,CHALACEA,221,6
1488,COLONIA LAS CUATRO ESQUINAS,221,6
1489,DIEGO DE ROJAS,221,6
1490,EL CRISPIN,221,6
1491,ESQUINA,221,6
1492,KILOMETRO 658,221,6
1493,LA PARA,221,6
1494,LA POSTA,221,6
1495,LA PUERTA,221,6
1496,LA QUINTA,221,6
1497,LAS GRAMILLAS,221,6
1498,LAS SALADAS,221,6
1499,MAQUINISTA GALLINI,221,6
1500,MONTECRISTO,221,6
1501,OBISPO TREJO,221,6
1502,PIQUILLIN,221,6
1503,PLAZA DE MERCEDES,221,6
1504,PUEBLO COMECHINGONES,221,6
1505,RIO PRIMERO,221,6
1506,SAGRADA FAMILIA,221,6
1507,SANTA ROSA DE RIO PRIMERO,221,6
1508,VILLA FONTANA,221,6
1509,CERRO COLORADO,222,6
1510,CHA\u00d1AR VIEJO,222,6
1511,EUFRASIO LOZA,222,6
1512,GUTEMBERG,222,6
1513,LA RINCONADA,222,6
1514,LOS HOYOS,222,6
1515,PUESTO DE CASTRO,222,6
1516,RAYO CORTADO,222,6
1517,SAN PEDRO DE G\u00dcTEMBERG,222,6
1518,SANTA ELENA,222,6
1519,SEBASTIAN ELCANO,222,6
1520,VILLA CANDELARIA,222,6
1521,VILLA DE MARIA,222,6
1522,CALCHIN,223,6
1523,CALCHIN OESTE,223,6
1524,CAPILLA DEL CARMEN,223,6
1525,CARRILOBO,223,6
1526,COLAZO,223,6
1527,COLONIA VIDELA,223,6
1528,COSTASACATE,223,6
1529,IMPIRA,223,6
1530,LAGUNA LARGA,223,6
1531,LAS JUNTURAS,223,6
1532,LOS CHA\u00d1ARITOS,223,6
1533,LUQUE,223,6
1534,MANFREDI,223,6
1535,MATORRALES,223,6
1536,ONCATIVO,223,6
1537,PILAR,223,6
1538,POZO DEL MOLLE,223,6
1539,RINCON,223,6
1540,RIO SEGUNDO,223,6
1541,SANTIAGO TEMPLE,223,6
1542,VILLA DEL ROSARIO,223,6
1543,AMBUL,224,6
1544,ARROYO LOS PATOS,224,6
1545,LAS CALLES,224,6
1546,LAS RABONAS,224,6
1547,MINA CLAVERO,224,6
1548,MUSSI,224,6
1549,NONO,224,6
1550,PANAHOLMA,224,6
1551,SAN LORENZO,224,6
1552,SAN MARTIN,224,6
1553,SAN PEDRO,224,6
1554,SAN VICENTE,224,6
1555,SAUCE ARRIBA,224,6
1556,VILLA CURA BROCHERO,224,6
1557,VILLA SARMIENTO,224,6
1558,ALTO RESBALOSO - EL BARRIAL,225,6
1559,EL PUEBLITO,225,6
1560,EL VALLE,225,6
1561,LA PAZ,225,6
1562,LA POBLACION,225,6
1563,LA TRAVESIA,225,6
1564,LAS CHACRAS,225,6
1565,LAS TAPIAS,225,6
1566,LOS CERRILLOS,225,6
1567,LOS HORNILLOS,225,6
1568,LUYABA,225,6
1569,SAN JAVIER Y YACANTO,225,6
1570,SAN JOSE,225,6
1571,VILLA DE LAS ROSAS,225,6
1572,VILLA DOLORES,225,6
1573,VILLA LA VI\u00d1A,225,6
1574,ALICIA,226,6
1575,ALTOS DE CHIPION,226,6
1576,ARROYITO,226,6
1577,BALNEARIA,226,6
1578,BRINKMANN,226,6
1579,COLONIA ANITA,226,6
1580,COLONIA ITURRASPE,226,6
1581,COLONIA LAS PICHANAS,226,6
1582,COLONIA MARINA,226,6
1583,COLONIA PROSPERIDAD,226,6
1584,COLONIA SAN BARTOLOME,226,6
1585,COLONIA SAN PEDRO,226,6
1586,COLONIA SANTA MARIA,226,6
1587,COLONIA VALTELINA,226,6
1588,COLONIA VIGNAUD,226,6
1589,DEVOTO,226,6
1590,EL ARA\u00d1ADO,226,6
1591,EL FORTIN,226,6
1592,EL FUERTECITO,226,6
1593,EL TIO,226,6
1594,ESTACION LUXARDO,226,6
1595,FREYRE,226,6
1596,LA FRANCIA,226,6
1597,LA PAQUITA,226,6
1598,LA TORDILLA,226,6
1599,LAS VARAS,226,6
1600,LAS VARILLAS,226,6
1601,MARULL,226,6
1602,MIRAMAR,226,6
1603,MORTEROS,226,6
1604,PLAZA LUXARDO,226,6
1605,PLAZA SAN FRANCISCO,226,6
1606,PORTE\u00d1A,226,6
1607,QUEBRACHO HERRADO,226,6
1608,SACANTA,226,6
1609,SAN FRANCISCO,226,6
1610,SATURNINO MARIA LASPIUR,226,6
1611,SEEBER,226,6
1612,TORO PUJIO,226,6
1613,TRANSITO,226,6
1614,VILLA CONCEPCION DEL TIO,226,6
1615,VILLA DEL TRANSITO,226,6
1616,VILLA SAN ESTEBAN,226,6
1617,ALTA GRACIA,227,6
1618,ANISACATE,227,6
1619,BARRIO GILBERT,227,6
1620,BARRIO GILBERT (1\u00ba DE MAYO) - TEJAS TRES,227,6
1621,BARRIO VILLA DEL PARQUE,227,6
1622,BOUWER,227,6
1623,CASEROS CENTRO,227,6
1624,DESPE\u00d1ADEROS,227,6
1625,DIQUE CHICO,227,6
1626,FALDA DEL CA\u00d1ETE,227,6
1627,FALDA DEL CARMEN,227,6
1628,JOSE DE LA QUINTANA,227,6
1629,LA BOCA DEL RIO,227,6
1630,LA DONOSA,227,6
1631,LA PAISANITA,227,6
1632,LA RANCHERITA Y LAS CASCADAS,227,6
1633,LA SERRANITA,227,6
1634,LAS QUINTAS,227,6
1635,LOS CEDROS,227,6
1636,LOZADA,227,6
1637,MALAGUE\u00d1O,227,6
1638,MI VALLE,227,6
1639,MONTE RALO,227,6
1640,POTRERO DE GARAY,227,6
1641,RAFAEL GARCIA,227,6
1642,SAN CLEMENTE,227,6
1643,TEJAS TRES,227,6
1644,TOLEDO,227,6
1645,VALLE DE ANISACATE,227,6
1646,VILLA CIUDAD DE AMERICA,227,6
1647,VILLA DEL PRADO,227,6
1648,VILLA LA BOLSA,227,6
1649,VILLA LOS AROMOS,227,6
1650,VILLA PARQUE SANTA ANA,227,6
1651,VILLA SAN ISIDRO,227,6
1652,CAMINIAGA,228,6
1653,CHU\u00d1A HUASI,228,6
1654,POZO NUEVO,228,6
1655,SAN FRANCISCO DEL CHA\u00d1AR,228,6
1656,ALMAFUERTE,229,6
1657,COLONIA ALMADA,229,6
1658,CORRALITO,229,6
1659,DALMACIO VELEZ,229,6
1660,GENERAL FOTHERINGHAM,229,6
1661,HERNANDO,229,6
1662,JAMES CRAIK,229,6
1663,LAS ISLETILLAS,229,6
1664,LAS PERDICES,229,6
1665,LOS ZORROS,229,6
1666,OLIVA,229,6
1667,PAMPAYASTA NORTE,229,6
1668,PAMPAYASTA SUD,229,6
1669,PUNTA DEL AGUA,229,6
1670,RIO TERCERO,229,6
1671,TANCACHA,229,6
1672,VILLA ASCASUBI,229,6
1673,CANDELARIA SUR,230,6
1674,CA\u00d1ADA DE LUQUE,230,6
1675,CAPILLA DE SITON,230,6
1676,LA PAMPA,230,6
1677,LAS PE\u00d1AS,230,6
1678,LOS MISTOLES,230,6
1679,SARMIENTO,230,6
1680,SIMBOLAR,230,6
1681,SINSACATE,230,6
1682,VILLA DEL TOTORAL,230,6
1683,CHURQUI CA\u00d1ADA,231,6
1684,EL RODEO,231,6
1685,EL TUSCAL,231,6
1686,LAS ARRIAS,231,6
1687,LUCIO V. MANSILLA,231,6
1688,ROSARIO DEL SALADILLO,231,6
1689,SAN JOSE DE LA DORMIDA,231,6
1690,SAN JOSE DE LAS SALINAS,231,6
1691,SAN PEDRO NORTE,231,6
1692,VILLA TULUMBA,231,6
1693,ALDEA SANTA MARIA,232,6
1694,ALTO ALEGRE,232,6
1695,ANA ZUMARAN,232,6
1696,BALLESTEROS,232,6
1697,BALLESTEROS SUD,232,6
1698,BELL VILLE,232,6
1699,BENJAMIN GOULD,232,6
1700,CANALS,232,6
1701,CHILIBROSTE,232,6
1702,CINTRA,232,6
1703,COLONIA BISMARCK,232,6
1704,COLONIA BREMEN,232,6
1705,IDIAZABAL,232,6
1706,JUSTINIANO POSSE,232,6
1707,LABORDE,232,6
1708,MONTE LE\u00d1A,232,6
1709,MONTE MAIZ,232,6
1710,MORRISON,232,6
1711,NOETINGER,232,6
1712,ORDO\u00d1EZ,232,6
1713,PASCANAS,232,6
1714,PUEBLO ITALIANO,232,6
1715,SAN ANTONIO DE LITIN,232,6
1716,SAN MARCOS,232,6
1717,VIAMONTE,232,6
1718,VILLA LOS PATOS,232,6
1719,WENCESLAO ESCALANTE,232,6
1720,BELLA VISTA,233,7
1721,BERON DE ASTRADA,234,7
1722,YAHAPE,234,7
1723,CORRIENTES,235,7
1724,RIACHUELO,235,7
1725,SAN CAYETANO,235,7
1726,CONCEPCION,236,7
1727,SANTA ROSA,236,7
1728,TABAY,236,7
1729,TATACUA,236,7
1730,CAZADORES CORRENTINOS,237,7
1731,CURUZU CUATIA,237,7
1732,PERUGORRIA,237,7
1733,EL SOMBRERO,238,7
1734,EMPEDRADO,238,7
1735,ESQUINA,239,7
1736,PUEBLO LIBERTADOR,239,7
1737,ALVEAR,240,7
1738,ESTACION TORRENT,240,7
1739,ITA IBATE,241,7
1740,LOMAS DE VALLEJOS,241,7
1741,NUESTRA SE\u00d1ORA DEL ROSARIO DE CAA CATI,241,7
1742,PALMAR GRANDE,241,7
1743,CAROLINA,242,7
1744,GOYA,242,7
1745,ITATI,243,7
1746,RAMADA PASO,243,7
1747,COLONIA LIEBIGS,244,7
1748,ITUZAINGO,244,7
1749,SAN ANTONIO,244,7
1750,SAN CARLOS,244,7
1751,VILLA OLIVARI,244,7
1752,CRUZ DE LOS MILAGROS,245,7
1753,GOBERNADOR JUAN E. MARTINEZ,245,7
1754,LAVALLE,245,7
1755,SANTA LUCIA,245,7
1756,VILLA CORDOBA,245,7
1757,YATAYTI CALLE,245,7
1758,MBURUCUYA,246,7
1759,FELIPE YOFRE,247,7
1760,MARIANO I. LOZA,247,7
1761,MERCEDES,247,7
1762,COLONIA LIBERTAD,248,7
1763,ESTACION LIBERTAD,248,7
1764,JUAN PUJOL,248,7
1765,MOCORETA,248,7
1766,MONTE CASEROS,248,7
1767,PARADA ACU\u00d1A,248,7
1768,PARADA LABOUGLE,248,7
1769,BONPLAND,249,7
1770,PARADA PUCHETA,249,7
1771,PASO DE LOS LIBRES,249,7
1772,TAPEBICUA,249,7
1773,SALADAS,250,7
1774,SAN LORENZO,250,7
1775,INGENIO PRIMER CORRENTINO,251,7
1776,PASO DE LA PATRIA,251,7
1777,SAN COSME,251,7
1778,SANTA ANA,251,7
1779,SAN LUIS DEL PALMAR,252,7
1780,COLONIA CARLOS PELLEGRINI,253,7
1781,GUAVIRAVI,253,7
1782,LA CRUZ,253,7
1783,YAPEYU,253,7
1784,LORETO,254,7
1785,SAN MIGUEL,254,7
1786,9 DE JULIO,255,7
1787,CHAVARRIA,255,7
1788,COLONIA PANDO,255,7
1789,PEDRO R. FERNANDEZ,255,7
1790,SAN ROQUE,255,7
1791,GARRUCHOS,256,7
1792,GOBERNADOR IGR. VALENTIN VIRASORO,256,7
1793,JOSE RAFAEL GOMEZ,256,7
1794,SANTO TOME,256,7
1795,SAUCE,257,7
1796,ARROYO BARU,258,8
1797,COLON,258,8
1798,COLONIA HUGUES,258,8
1799,EL BRILLANTE,258,8
1800,EL COLORADO,258,8
1801,HAMBIS,258,8
1802,HOCKER,258,8
1803,LA CLARITA,258,8
1804,PUEBLO CAZES,258,8
1805,PUEBLO LIEBIGS,258,8
1806,SAN JOSE,258,8
1807,UBAJAY,258,8
1808,VILLA ELISA,258,8
1809,BENITO LEGEREN,259,8
1810,CALABACILLA,259,8
1811,CLODOMIRO LEDESMA,259,8
1812,COLONIA AYUI,259,8
1813,COLONIA GENERAL ROCA,259,8
1814,CONCORDIA,259,8
1815,ESTACION YERUA,259,8
1816,ESTACION YUQUERI,259,8
1817,ESTANCIA GRANDE,259,8
1818,LA CRIOLLA,259,8
1819,LAS TEJAS,259,8
1820,LOS CHARRUAS,259,8
1821,NUEVA ESCOCIA,259,8
1822,OSVALDO MAGNASCO,259,8
1823,PEDERNAL,259,8
1824,PUERTO YERUA,259,8
1825,VILLA ADELA,259,8
1826,VILLA ZORRAQUIN,259,8
1827,ALDEA BRASILERA,260,8
1828,ALDEA GRAPSCHENTAL,260,8
1829,ALDEA PROTESTANTE,260,8
1830,ALDEA SALTO,260,8
1831,ALDEA SAN FRANCISCO,260,8
1832,ALDEA SPATZENKUTTER,260,8
1833,ALDEA VALLE MARIA,260,8
1834,COLONIA ENSAYO,260,8
1835,DIAMANTE,260,8
1836,ESTACION CAMPS,260,8
1837,ESTACION PUIGGARI,260,8
1838,GENERAL ALVEAR,260,8
1839,GENERAL RACEDO (EL CARMEN),260,8
1840,GENERAL RAMIREZ,260,8
1841,LA JUANITA,260,8
1842,LAS JAULAS,260,8
1843,PARAJE LA VIRGEN,260,8
1844,PUERTO LAS CUEVAS,260,8
1845,STROBEL,260,8
1846,VILLA LIBERTADOR SAN MARTIN,260,8
1847,CHAJARI,261,8
1848,COLONIA ALEMANA,261,8
1849,COLONIA LA ARGENTINA,261,8
1850,FEDERACION,261,8
1851,LOS CONQUISTADORES,261,8
1852,SAN JAIME DE LA FRONTERA,261,8
1853,SAN PEDRO,261,8
1854,SAN RAMON,261,8
1855,SANTA ANA,261,8
1856,VILLA DEL ROSARIO,261,8
1857,ALDEA SAN ISIDRO (EL CIMARRON),262,8
1858,CONSCRIPTO BERNARDI,262,8
1859,FEDERAL,262,8
1860,NUEVA VIZCAYA,262,8
1861,SAUCE DE LUNA,262,8
1862,SAN JOSE DE FELICIANO,263,8
1863,SAN VICTOR,263,8
1864,ALDEA ASUNCION,264,8
1865,ESTACION LAZO,264,8
1866,GENERAL GALARZA,264,8
1867,GUALEGUAY,264,8
1868,PUERTO RUIZ,264,8
1869,ALDEA SAN ANTONIO,265,8
1870,ALDEA SAN JUAN,265,8
1871,ENRIQUE CARBO,265,8
1872,ESTACION ESCRI\u00d1A,265,8
1873,FAUSTINO M. PARERA,265,8
1874,GENERAL ALMADA,265,8
1875,GILBERT,265,8
1876,GUALEGUAYCHU,265,8
1877,IRAZUSTA,265,8
1878,LARROQUE,265,8
1879,PASTOR BRITOS,265,8
1880,PUEBLO GENERAL BELGRANO,265,8
1881,URDINARRAIN,265,8
1882,CEIBAS,266,8
1883,IBICUY,266,8
1884,MEDANOS,266,8
1885,VILLA PARANACITO,266,8
1886,ALCARAZ,267,8
1887,BOVRIL,267,8
1888,COLONIA AVIGDOR,267,8
1889,EL SOLAR,267,8
1890,LA PAZ,267,8
1891,PIEDRAS BLANCAS,267,8
1892,SAN GUSTAVO,267,8
1893,SANTA ELENA,267,8
1894,SIR LEONARD,267,8
1895,ARANGUREN,268,8
1896,DON CRISTOBAL,268,8
1897,FEBRE,268,8
1898,HERNANDEZ,268,8
1899,LUCAS GONZALEZ,268,8
1900,NOGOYA,268,8
1901,XX DE SETIEMBRE,268,8
1902,ALDEA MARIA LUISA,269,8
1903,ALDEA SAN JUAN,269,8
1904,ALDEA SAN RAFAEL,269,8
1905,ALDEA SANTA MARIA,269,8
1906,ALDEA SANTA ROSA,269,8
1907,CERRITO,269,8
1908,COLONIA AVELLANEDA,269,8
1909,COLONIA CRESPO,269,8
1910,CRESPO,269,8
1911,EL PALENQUE,269,8
1912,EL PINGO,269,8
1913,EL RAMBLON,269,8
1914,HASENKAMP,269,8
1915,HERNANDARIAS,269,8
1916,LA PICADA,269,8
1917,LAS TUNAS,269,8
1918,MARIA GRANDE,269,8
1919,ORO VERDE,269,8
1920,PARANA,269,8
1921,PUEBLO BELLOCQ (LAS GARZAS),269,8
1922,PUEBLO BRUGO,269,8
1923,PUEBLO GENERAL SAN MARTIN,269,8
1924,PUEBLO MORENO,269,8
1925,SAN BENITO,269,8
1926,SAUCE MONTRULL,269,8
1927,SAUCE PINTO,269,8
1928,SEGUI,269,8
1929,SOSA,269,8
1930,TABOSSI,269,8
1931,TEZANOS PINTO,269,8
1932,VIALE,269,8
1933,VILLA FONTANA,269,8
1934,VILLA GDOR. LUIS F. ETCHEVEHERE,269,8
1935,VILLA URQUIZA,269,8
1936,GENERAL CAMPOS,270,8
1937,SAN SALVADOR,270,8
1938,ALTAMIRANO SUR,271,8
1939,DURAZNO,271,8
1940,ESTACION ARROYO CLE,271,8
1941,GOBERNADOR ECHAG\u00dcE,271,8
1942,GOBERNADOR MANSILLA,271,8
1943,GOBERNADOR SOLA,271,8
1944,GUARDAMONTE,271,8
1945,LAS GUACHAS,271,8
1946,MACIA,271,8
1947,ROSARIO DEL TALA,271,8
1948,1\u00ba DE MAYO,272,8
1949,BASAVILBASO,272,8
1950,CASEROS,272,8
1951,COLONIA ELIA,272,8
1952,CONCEPCION DEL URUGUAY,272,8
1953,HERRERA,272,8
1954,LAS MOSCAS,272,8
1955,LIBAROS,272,8
1956,PRONUNCIAMIENTO,272,8
1957,ROCAMORA,272,8
1958,SANTA ANITA,272,8
1959,VILLA MANTERO,272,8
1960,VILLA SAN JUSTO,272,8
1961,VILLA SAN MARCIAL (EST. GOBERNADOR URQUIZA),272,8
1962,ANTELO,273,8
1963,VICTORIA,273,8
1964,ESTACION RAICES,274,8
1965,INGENIERO MIGUEL SAJAROFF,274,8
1966,JUBILEO,274,8
1967,PASO DE LA LAGUNA,274,8
1968,VILLA CLARA,274,8
1969,VILLA DOMINGUEZ,274,8
1970,VILLAGUAY,274,8
1971,LAGUNA YEMA,275,9
1972,LOS CHIRIGUANOS,275,9
1973,COLONIA PASTORIL,276,9
1974,FORMOSA,276,9
1975,GRAN GUARDIA,276,9
1976,SAN HILARIO,276,9
1977,GENERAL LUCIO V. MANSILLA,277,9
1978,HERRADURA,277,9
1979,SAN FRANCISCO DE LAISHI,277,9
1980,VILLA ESCOLAR,277,9
1981,INGENIERO GUILLERMO N. JUAREZ,278,9
1982,COMANDANTE FONTANA,279,9
1983,ESTANISLAO DEL CAMPO,279,9
1984,FORTIN CABO 1\u00ba LUGONES,279,9
1985,IBARRETA,279,9
1986,LAS LOMITAS,279,9
1987,POZO DEL TIGRE,279,9
1988,SAN MARTIN II,279,9
1989,SUBTENIENTE PERIN,279,9
1990,VILLA GENERAL G\u00dcEMES,279,9
1991,VILLA GENERAL MANUEL BELGRANO,279,9
1992,BUENA VISTA,280,9
1993,EL ESPINILLO,280,9
1994,MISION TACAAGLE,280,9
1995,PORTON NEGRO,280,9
1996,TRES LAGUNAS,280,9
1997,CLORINDA,281,9
1998,LAGUNA BLANCA,281,9
1999,LAGUNA NAICK-NECK,281,9
2000,PUERTO PILCOMAYO,281,9
2001,RIACHO HE-HE,281,9
2002,RIACHO NEGRO,281,9
2003,SIETE PALMAS,281,9
2004,COLONIA CAMPO VILLAFA\u00d1E,282,9
2005,EL COLORADO,282,9
2006,PALO SANTO,282,9
2007,PIRANE,282,9
2008,VILLA KILOMETRO 213,282,9
2009,GENERAL MOSCONI,283,9
2010,ABRA PAMPA,284,10
2011,ABRALAITE,284,10
2012,AGUA DE CASTILLA,284,10
2013,CASABINDO,284,10
2014,COCHINOCA,284,10
2015,LA REDONDA,284,10
2016,PUESTO DEL MARQUEZ,284,10
2017,QUEBRALE\u00d1A,284,10
2018,QUERA,284,10
2019,RINCONADILLAS,284,10
2020,SAN FRANCISCO DE ALFARCITO,284,10
2021,SANTA ANA DE LA PUNA,284,10
2022,SANTUARIO DE TRES POZOS,284,10
2023,TAMBILLOS,284,10
2024,TUSAQUILLAS,284,10
2025,GUERRERO,285,10
2026,LA ALMONA,285,10
2027,LEON,285,10
2028,LOS NOGALES,285,10
2029,LOZANO,285,10
2030,OCLOYAS,285,10
2031,SAN PABLO DE REYES,285,10
2032,SAN SALVADOR DE JUJUY,285,10
2033,TESORERO,285,10
2034,YALA,285,10
2035,AGUAS CALIENTES,286,10
2036,BARRIO EL MILAGRO,286,10
2037,BARRIO LA UNION,286,10
2038,EL CARMEN,286,10
2039,FLEMING,286,10
2040,LOS LAPACHOS,286,10
2041,MANANTIALES,286,10
2042,MONTERRICO,286,10
2043,PAMPA BLANCA,286,10
2044,PERICO,286,10
2045,PILA PARDO,286,10
2046,PUESTO VIEJO,286,10
2047,SAN ISIDRO,286,10
2048,SAN JUANCITO,286,10
2049,APARZO,287,10
2050,CIANZO,287,10
2051,COCTACA,287,10
2052,EL AGUILAR,287,10
2053,HIPOLITO YRIGOYEN,287,10
2054,HUMAHUACA,287,10
2055,PALCA DE APARZO,287,10
2056,PALCA DE VARAS,287,10
2057,RODERO,287,10
2058,TRES CRUCES,287,10
2059,UQUIA,287,10
2060,BANANAL,288,10
2061,BERMEJITO,288,10
2062,CAIMANCITO,288,10
2063,CALILEGUA,288,10
2064,CHALICAN,288,10
2065,FRAILE PINTADO,288,10
2066,LIBERTAD,288,10
2067,LIBERTADOR GENERAL SAN MARTIN,288,10
2068,MAIZ NEGRO,288,10
2069,PAULINA,288,10
2070,PUEBLO LEDESMA,288,10
2071,YUTO,288,10
2072,CARAHUNCO,289,10
2073,CENTRO FORESTAL,289,10
2074,PALPALA,289,10
2075,RIO BLANCO,289,10
2076,CASA COLORADA,290,10
2077,COYAGUAIMA,290,10
2078,LAGUNILLAS DE FARALLON,290,10
2079,LIVIARA,290,10
2080,LOMA BLANCA,290,10
2081,NUEVO PIRQUITAS,290,10
2082,OROSMAYO,290,10
2083,RINCONADA,290,10
2084,EL CEIBAL,291,10
2085,LOS ALISOS,291,10
2086,LOTEO NAVEA,291,10
2087,NUESTRA SE\u00d1ORA DEL ROSARIO,291,10
2088,SAN ANTONIO,291,10
2089,ARRAYANAL,292,10
2090,ARROYO COLORADO,292,10
2091,DON EMILIO,292,10
2092,EL ACHERAL,292,10
2093,EL PUESTO,292,10
2094,EL QUEMADO,292,10
2095,LA ESPERANZA,292,10
2096,LA MANGA,292,10
2097,LA MENDIETA,292,10
2098,PALOS BLANCOS,292,10
2099,PIEDRITAS,292,10
2100,RODEITO,292,10
2101,ROSARIO DE RIO GRANDE (EX BARRO NEGRO),292,10
2102,SAN ANTONIO,292,10
2103,SAN LUCAS,292,10
2104,SAN PEDRO,292,10
2105,EL FUERTE,293,10
2106,EL PIQUETE,293,10
2107,EL TALAR,293,10
2108,PALMA SOLA,293,10
2109,PUENTE LAVAYEN,293,10
2110,SANTA CLARA,293,10
2111,VINALITO,293,10
2112,CASIRA,294,10
2113,CIENEGA DE PAICONE,294,10
2114,CIENEGUILLAS,294,10
2115,CUSI CUSI,294,10
2116,EL ANGOSTO,294,10
2117,LA CIENEGA,294,10
2118,MISARRUMI,294,10
2119,ORATORIO,294,10
2120,PAICONE,294,10
2121,SAN JUAN DE OROS,294,10
2122,SANTA CATALINA,294,10
2123,YOSCABA,294,10
2124,CATUA,295,10
2125,CORANZULI,295,10
2126,EL TORO,295,10
2127,HUANCAR,295,10
2128,JAMA,295,10
2129,MINA PROVIDENCIA,295,10
2130,OLACAPATO,295,10
2131,OLAROZ CHICO,295,10
2132,PASTOS CHICOS,295,10
2133,PUESTO SEY,295,10
2134,SAN JUAN DE QUILLAQUES,295,10
2135,SUSQUES,295,10
2136,COLONIA SAN JOSE,296,10
2137,HUACALERA,296,10
2138,JUELLA,296,10
2139,MAIMARA,296,10
2140,TILCARA,296,10
2141,YACORAITE,296,10
2142,BARCENA,297,10
2143,EL MORENO,297,10
2144,PUERTA DE COLORADOS,297,10
2145,PURMAMARCA,297,10
2146,TUMBAYA,297,10
2147,VOLCAN,297,10
2148,CASPALA,298,10
2149,PAMPICHUELA,298,10
2150,SAN FRANCISCO,298,10
2151,SANTA ANA,298,10
2152,VALLE COLORADO,298,10
2153,VALLE GRANDE,298,10
2154,BARRIOS,299,10
2155,CANGREJILLOS,299,10
2156,EL CONDOR,299,10
2157,LA INTERMEDIA,299,10
2158,LA QUIACA,299,10
2159,LLULLUCHAYOC,299,10
2160,PUMAHUASI,299,10
2161,SAN JOSE,299,10
2162,YAVI,299,10
2163,YAVI CHICO,299,10
2164,DOBLAS,300,11
2165,MACACHIN,300,11
2166,MIGUEL RIGLOS,300,11
2167,ROLON,300,11
2168,TOMAS M. ANCHORENA,300,11
2169,ANZOATEGUI,301,11
2170,LA ADELA,301,11
2171,ANGUIL,302,11
2172,SANTA ROSA,302,11
2173,CATRILO,303,11
2174,LA GLORIA,303,11
2175,LONQUIMAY,303,11
2176,URIBURU,303,11
2177,SANTA ISABEL,304,11
2178,BERNARDO LARROUDE,305,11
2179,CEBALLOS,305,11
2180,CORONEL HILARIO LAGOS,305,11
2181,INTENDENTE ALVEAR,305,11
2182,SARAH,305,11
2183,VERTIZ,305,11
2184,ALGARROBO DEL AGUILA,306,11
2185,LA HUMADA,306,11
2186,CONHELO,307,11
2187,EDUARDO CASTEX,307,11
2188,MAURICIO MAYER,307,11
2189,MONTE NIEVAS,307,11
2190,RUCANELO,307,11
2191,WINIFREDA,307,11
2192,GOBERNADOR DUVAL,308,11
2193,PUELCHES,308,11
2194,ALPACHIRI,309,11
2195,GENERAL MANUEL J. CAMPOS,309,11
2196,GUATRACHE,309,11
2197,PERU,309,11
2198,SANTA TERESA,309,11
2199,ABRAMO,310,11
2200,BERNASCONI,310,11
2201,GENERAL SAN MARTIN,310,11
2202,HUCAL,310,11
2203,JACINTO ARAUZ,310,11
2204,CUCHILLO CO,311,11
2205,LA REFORMA,312,11
2206,LIMAY MAHUIDA,312,11
2207,CARRO QUEMADO,313,11
2208,LOVENTUE,313,11
2209,LUAN TORO,313,11
2210,TELEN,313,11
2211,VICTORICA,313,11
2212,AGUSTONI,314,11
2213,DORILA,314,11
2214,GENERAL PICO,314,11
2215,SPELUZZI,314,11
2216,TREBOLARES,314,11
2217,25 DE MAYO,315,11
2218,CASA DE PIEDRA,315,11
2219,PUELEN,315,11
2220,COLONIA BARON,316,11
2221,COLONIA SAN JOSE,316,11
2222,MIGUEL CANE,316,11
2223,QUEMU QUEMU,316,11
2224,RELMO,316,11
2225,VILLA MIRASOL,316,11
2226,CALEUFU,317,11
2227,INGENIERO FOSTER,317,11
2228,LA MARUJA,317,11
2229,PARERA,317,11
2230,PICHI HUINCA,317,11
2231,QUETREQUEN,317,11
2232,RANCUL,317,11
2233,ADOLFO VAN PRAET,318,11
2234,ALTA ITALIA,318,11
2235,DAMIAN MAISONAVE,318,11
2236,EMBAJADOR MARTINI,318,11
2237,FALUCHO,318,11
2238,INGENIERO LUIGGI,318,11
2239,OJEDA,318,11
2240,REALICO,318,11
2241,CACHIRULO,319,11
2242,NAICO,319,11
2243,TOAY,319,11
2244,ARATA,320,11
2245,METILEO,320,11
2246,TRENEL,320,11
2247,ATALIVA ROCA,321,11
2248,CHACHARRAMENDI,321,11
2249,COLONIA SANTA MARIA,321,11
2250,GENERAL ACHA,321,11
2251,QUEHUE,321,11
2252,UNANUE,321,11
2253,PUNTA DE LOS LLANOS,322,12
2254,TAMA,322,12
2255,AIMOGASTA,323,12
2256,BA\u00d1ADO DE LOS PANTANOS,323,12
2257,ESTACION MAZAN,323,12
2258,MACHIGASTA,323,12
2259,SAN ANTONIO,323,12
2260,TERMAS DE SANTA TERESITA,323,12
2261,VILLA MAZAN,323,12
2262,LA RIOJA,324,12
2263,AMINGA,325,12
2264,ANILLACO,325,12
2265,ANJULLON,325,12
2266,CHUQUIS,325,12
2267,LOS MOLINOS,325,12
2268,PINCHAS,325,12
2269,SAN PEDRO,325,12
2270,SANTA VERA CRUZ,325,12
2271,CHAMICAL,326,12
2272,POLCO,326,12
2273,ANGUINAN,327,12
2274,CHILECITO,327,12
2275,COLONIA ANGUINAN,327,12
2276,COLONIA MALLIGASTA,327,12
2277,COLONIA VICHIGASTA,327,12
2278,GUANCHIN,327,12
2279,LA PUNTILLA,327,12
2280,LOS SARMIENTOS,327,12
2281,MALLIGASTA,327,12
2282,MIRANDA,327,12
2283,NONOGASTA,327,12
2284,SAN MIGUEL,327,12
2285,SAN NICOLAS,327,12
2286,SANTA FLORENTINA,327,12
2287,SA\u00d1OGASTA,327,12
2288,TILIMUQUI,327,12
2289,VICHIGASTA,327,12
2290,ALTO CARRIZAL,328,12
2291,ANGULOS,328,12
2292,ANTINACO,328,12
2293,BAJO CARRIZAL,328,12
2294,CAMPANAS,328,12
2295,CHA\u00d1ARMUYO,328,12
2296,FAMATINA,328,12
2297,LA CUADRA,328,12
2298,PITUIL,328,12
2299,PLAZA VIEJA,328,12
2300,SANTA CRUZ,328,12
2301,SANTO DOMINGO,328,12
2302,CASTRO BARROS,329,12
2303,CHA\u00d1AR,329,12
2304,LOMA BLANCA,329,12
2305,OLTA,329,12
2306,AICU\u00d1A,330,12
2307,BANDA FLORIDA,330,12
2308,GUANDACOL,330,12
2309,LOS PALACIOS,330,12
2310,PAGANCILLO,330,12
2311,SANTA CLARA,330,12
2312,VILLA UNION,330,12
2313,MALANZAN,331,12
2314,NACATE,331,12
2315,PORTEZUELO,331,12
2316,SAN ANTONIO,331,12
2317,VILLA CASTELLI,332,12
2318,AMBIL,333,12
2319,COLONIA ORTIZ DE OCAMPO,333,12
2320,MILAGRO,333,12
2321,OLPAS,333,12
2322,SANTA RITA DE CATUNA,333,12
2323,ULAPES,334,12
2324,AMANA,335,12
2325,PATQUIA,335,12
2326,CHEPES,336,12
2327,DESIDERIO TELLO,336,12
2328,ALPASINCHE,337,12
2329,AMUSCHINA,337,12
2330,ANDOLUCAS,337,12
2331,CHAUPIHUASI,337,12
2332,CUIPAN,337,12
2333,LAS TALAS,337,12
2334,LOS ROBLES,337,12
2335,SALICAS,337,12
2336,SALICAS - SAN BLAS,337,12
2337,SAN BLAS,337,12
2338,SHAQUI,337,12
2339,SURIYACO,337,12
2340,TUYUBIL,337,12
2341,VILLA SANAGASTA,338,12
2342,JAG\u00dcE,339,12
2343,VILLA SAN JOSE DE VINCHINA,339,12
2344,10MA SECCION,340,13
2345,11VA SECCION,340,13
2346,1RA SECCION,340,13
2347,2DA SECCION,340,13
2348,3RA SECCION,340,13
2349,4TA SECCION,340,13
2350,5TA SECCION,340,13
2351,6TA SECCION,340,13
2352,7MA SECCION,340,13
2353,8VA SECCION,340,13
2354,9NA SECCION,340,13
2355,MENDOZA,340,13
2356,BOWEN,341,13
2357,CARMENSA,341,13
2358,GENERAL ALVEAR,341,13
2359,LOS COMPARTOS,341,13
2360,CIUDAD DE GODOY CRUZ,342,13
2361,GOBERNADOR BENEGAS,342,13
2362,GODOY CRUZ,342,13
2363,LAS TORTUGAS,342,13
2364,PRESIDENTE SARMIENTO,342,13
2365,SAN FRANCISCO DEL MONTE,342,13
2366,BERMEJO,343,13
2367,BUENA NUEVA,343,13
2368,CAPILLA DEL ROSARIO,343,13
2369,COLONIA SEGOVIA,343,13
2370,DORREGO,343,13
2371,EL SAUCE,343,13
2372,GENERAL BELGRANO,343,13
2373,GUAYMALLEN,343,13
2374,JESUS NAZARENO,343,13
2375,LA PRIMAVERA,343,13
2376,LAS CA\u00d1AS,343,13
2377,LOS CORRALITOS,343,13
2378,NUEVA CIUDAD,343,13
2379,PEDRO MOLINA,343,13
2380,PUENTE DE HIERRO,343,13
2381,RODEO DE LA CRUZ,343,13
2382,SAN FRANCISCO DEL MONTE,343,13
2383,SAN JOSE,343,13
2384,VILLA NUEVA,343,13
2385,INGENIERO GIAGNONI,344,13
2386,JUNIN,344,13
2387,LA COLONIA,344,13
2388,LOS BARRIALES,344,13
2389,MEDRANO,344,13
2390,PHILLIPS,344,13
2391,RODRIGUEZ PE\u00d1A,344,13
2392,DESAGUADERO,345,13
2393,LA PAZ,345,13
2394,VILLA ANTIGUA,345,13
2395,BLANCO ENCALADA,346,13
2396,CAPDEVILA,346,13
2397,CIUDAD DE LAS HERAS,346,13
2398,EL ALGARROBAL,346,13
2399,EL BORBOLLON,346,13
2400,EL CHALLAO,346,13
2401,EL PLUMERILLO,346,13
2402,EL RESGUARDO,346,13
2403,EL ZAPALLAR,346,13
2404,JOCOLI,346,13
2405,LA CIENEGUITA,346,13
2406,LAS CUEVAS,346,13
2407,LAS HERAS,346,13
2408,LOS PENITENTES,346,13
2409,PANQUEHUA,346,13
2410,POLVAREDAS,346,13
2411,PUENTE DEL INCA,346,13
2412,PUNTA DE VACAS,346,13
2413,SIERRAS DE ENCALADA,346,13
2414,USPALLATA,346,13
2415,3 DE MAYO,347,13
2416,BARRIO ALTO DEL OLVIDO,347,13
2417,BARRIO JOCOLI II,347,13
2418,BARRIO LA PALMERA,347,13
2419,BARRIO LA PEGA,347,13
2420,BARRIO LAGUNAS DE BARTOLUZZI,347,13
2421,BARRIO LOS JARILLEROS,347,13
2422,BARRIO LOS OLIVOS,347,13
2423,BARRIO VIRGEN DEL ROSARIO,347,13
2424,COSTA DE ARAUJO,347,13
2425,EL PARAMILLO,347,13
2426,EL VERGEL,347,13
2427,INGENIERO GUSTAVO ANDRE,347,13
2428,JOCOLI,347,13
2429,JOCOLI VIEJO,347,13
2430,LAS VIOLETAS,347,13
2431,VILLA TULUMAYA,347,13
2432,AGRELO,348,13
2433,BARRIO PERDRIEL IV,348,13
2434,CACHEUTA,348,13
2435,CARRODILLA,348,13
2436,CHACRAS DE CORIA,348,13
2437,CIUDAD LUJAN DE CUYO,348,13
2438,COSTA FLORES,348,13
2439,EL CARRIZAL,348,13
2440,EL SALTO,348,13
2441,LA PUNTILLA,348,13
2442,LAS COMPUERTAS,348,13
2443,LAS VEGAS,348,13
2444,LUJAN DE CUYO,348,13
2445,MAYOR DRUMMOND,348,13
2446,PERDRIEL,348,13
2447,POTRERILLOS,348,13
2448,UGARTECHE,348,13
2449,VISTALBA,348,13
2450,BARRANCAS,349,13
2451,BARRIO JESUS DE NAZARET,349,13
2452,CIUDAD DE MAIPU,349,13
2453,COQUIMBITO,349,13
2454,CRUZ DE PIEDRA,349,13
2455,EL PEDREGAL,349,13
2456,FRAY LUIS BELTRAN,349,13
2457,GENERAL GUTIERREZ,349,13
2458,LUZURIAGA,349,13
2459,MAIPU,349,13
2460,RODEO DEL MEDIO,349,13
2461,SAN ROQUE,349,13
2462,VILLA TERESA,349,13
2463,AGUA ESCONDIDA,350,13
2464,LAS LE\u00d1AS,350,13
2465,MALARG\u00dcE,350,13
2466,ANDRADE,351,13
2467,BARRIO COOPERATIVA LOS CAMPAMENTOS,351,13
2468,BARRIO RIVADAVIA,351,13
2469,CUADRO ORTEGA,351,13
2470,EL MIRADOR,351,13
2471,LA CENTRAL,351,13
2472,LA ESPERANZA,351,13
2473,LA FLORIDA,351,13
2474,LA LIBERTAD,351,13
2475,LOS ARBOLES,351,13
2476,LOS CAMPAMENTOS,351,13
2477,MEDRANO,351,13
2478,MUNDO NUEVO,351,13
2479,REDUCCION DE ABAJO,351,13
2480,RIVADAVIA,351,13
2481,SANTA MARIA DE ORO,351,13
2482,BARRIO CARRASCO,352,13
2483,BARRIO EL CEPILLO,352,13
2484,CHILECITO,352,13
2485,EUGENIO BUSTOS,352,13
2486,LA CONSULTA,352,13
2487,PAREDITAS,352,13
2488,SAN CARLOS,352,13
2489,ALTO VERDE,353,13
2490,BARRIO CHIVILCOY,353,13
2491,BARRIO EMANUEL,353,13
2492,BARRIO LA ESTACION,353,13
2493,BARRIO LOS CHARABONES,353,13
2494,BARRIO NTRA. SRA. DE FATIMA,353,13
2495,CHAPANAY,353,13
2496,CHIVILCOY,353,13
2497,EL ESPINO,353,13
2498,EL RAMBLON,353,13
2499,MONTECASEROS,353,13
2500,NUEVA CALIFORNIA,353,13
2501,PALMIRA,353,13
2502,SAN MARTIN,353,13
2503,TRES PORTE\u00d1AS,353,13
2504,25 DE MAYO,354,13
2505,BARRIO EL NEVADO,354,13
2506,BARRIO EMPLEADOS DE COMERCIO,354,13
2507,BARRIO INTENDENCIA,354,13
2508,CAPITAN MONTOYA,354,13
2509,CUADRO BENEGAS,354,13
2510,CUADRO NACIONAL,354,13
2511,EL NIHUIL,354,13
2512,EL SOSNEADO,354,13
2513,EL TROPEZON,354,13
2514,GOUDGE,354,13
2515,JAIME PRATS,354,13
2516,LA LLAVE NUEVA,354,13
2517,LAS MALVINAS,354,13
2518,LOS REYUNOS,354,13
2519,MONTE COMAN,354,13
2520,POBRE DIABLO,354,13
2521,PUNTA DEL AGUA,354,13
2522,RAMA CAIDA,354,13
2523,REAL DEL PADRE,354,13
2524,SALTO DE LAS ROSAS,354,13
2525,SAN RAFAEL,354,13
2526,VILLA ATUEL,354,13
2527,VILLA ATUEL NORTE,354,13
2528,BARRIO 12 DE OCTUBRE,355,13
2529,BARRIO MARIA AUXILIADORA,355,13
2530,BARRIO MOLINA CABRERA,355,13
2531,LA DORMIDA,355,13
2532,LAS CATITAS,355,13
2533,SANTA ROSA,355,13
2534,BARRIO SAN CAYETANO,356,13
2535,CAMPO LOS ANDES,356,13
2536,COLONIA LAS ROSAS,356,13
2537,EL MANZANO,356,13
2538,LOS SAUCES,356,13
2539,TUNUYAN,356,13
2540,VISTA FLORES,356,13
2541,BARRIO BELGRANO NORTE,357,13
2542,CORDON DEL PLATA,357,13
2543,EL PERAL,357,13
2544,EL ZAMPAL,357,13
2545,LA ARBOLEDA,357,13
2546,SAN JOSE,357,13
2547,TUPUNGATO,357,13
2548,VILLA BASTIAS,357,13
2549,25 DE MAYO,358,14
2550,ALBA POSSE,358,14
2551,ALICIA ALTA,358,14
2552,ALICIA BAJA,358,14
2553,COLONIA AURORA,358,14
2554,SAN FRANCISCO DE ASIS,358,14
2555,SANTA RITA,358,14
2556,APOSTOLES,359,14
2557,AZARA,359,14
2558,BARRIO RURAL,359,14
2559,ESTACION APOSTOLES,359,14
2560,PINDAPOY,359,14
2561,RINCON DE AZARA,359,14
2562,SAN JOSE,359,14
2563,TRES CAPONES,359,14
2564,1\u00ba DE MAYO,360,14
2565,ARISTOBULO DEL VALLE,360,14
2566,CAMPO GRANDE,360,14
2567,DOS DE MAYO,360,14
2568,DOS DE MAYO NUCLEO I,360,14
2569,DOS DE MAYO NUCLEO II,360,14
2570,DOS DE MAYO NUCLEO III (B\u00ba BERNARDINO RIVADAVIA),360,14
2571,KILOMETRO 17,360,14
2572,PUEBLO ILLIA,360,14
2573,SALTO ENCANTADO,360,14
2574,BARRIO DEL LAGO,361,14
2575,BONPLAND,361,14
2576,CANDELARIA,361,14
2577,CERRO CORA,361,14
2578,LORETO,361,14
2579,MARTIRES,361,14
2580,PROFUNDIDAD,361,14
2581,PUERTO SANTA ANA,361,14
2582,SANTA ANA,361,14
2583,GARUPA,362,14
2584,NEMESIO PARMA,362,14
2585,POSADAS,362,14
2586,POSADAS (EXTENSION),362,14
2587,BARRA CONCEPCION,363,14
2588,CONCEPCION DE LA SIERRA,363,14
2589,LA CORITA,363,14
2590,SANTA MARIA,363,14
2591,9 DE JULIO KILOMETRO 20,364,14
2592,9 DE JULIO KILOMETRO 28,364,14
2593,COLONIA VICTORIA,364,14
2594,ELDORADO,364,14
2595,MARIA MAGDALENA,364,14
2596,NUEVA DELICIA,364,14
2597,PUEBLO NUEVO,364,14
2598,PUERTO MADO,364,14
2599,PUERTO PINARES,364,14
2600,SANTIAGO DE LINIERS,364,14
2601,VALLE HERMOSO,364,14
2602,VILLA ROULET,364,14
2603,BERNARDO DE IRIGOYEN,365,14
2604,CABUREI,365,14
2605,COMANDANTE ANDRESITO,365,14
2606,DOS HERMANAS,365,14
2607,INTEGRACION,365,14
2608,PI\u00d1ALITO NORTE,365,14
2609,PUERTO ANDRESITO,365,14
2610,PUERTO DESEADO,365,14
2611,SAN ANTONIO,365,14
2612,EL SOBERBIO,366,14
2613,FRACRAN,366,14
2614,SAN VICENTE,366,14
2615,COLONIA WANDA,367,14
2616,PUERTO ESPERANZA,367,14
2617,PUERTO IGUAZU,367,14
2618,PUERTO LIBERTAD,367,14
2619,VILLA COOPERATIVA,367,14
2620,ALMAFUERTE,368,14
2621,ARROYO DEL MEDIO,368,14
2622,CAA - YARI,368,14
2623,CERRO AZUL,368,14
2624,DOS ARROYOS,368,14
2625,GOBERNADOR LOPEZ,368,14
2626,LEANDRO N. ALEM,368,14
2627,OLEGARIO V. ANDRADE,368,14
2628,VILLA LIBERTAD,368,14
2629,CAPIOVI,369,14
2630,CAPIOVICI\u00d1O,369,14
2631,EL ALCAZAR,369,14
2632,GARUHAPE,369,14
2633,MBOPICUA,369,14
2634,PUERTO LEONI,369,14
2635,PUERTO RICO,369,14
2636,RUIZ DE MONTOYA,369,14
2637,SAN ALBERTO,369,14
2638,SAN GOTARDO,369,14
2639,SAN MIGUEL,369,14
2640,VILLA AKERMAN,369,14
2641,VILLA URRUTIA,369,14
2642,BARIO ITA,370,14
2643,BARRIO CUATRO BOCAS,370,14
2644,BARRIO GUATAMBU,370,14
2645,CARAGUATAY,370,14
2646,LAHARRAGUE,370,14
2647,MONTECARLO,370,14
2648,PIRAY KILOMETRO 18,370,14
2649,PUERTO PIRAY,370,14
2650,TARUMA,370,14
2651,VILLA PARODI,370,14
2652,BARRIO ESCUELA 461,371,14
2653,BARRIO ESCUELA 633,371,14
2654,CAMPO RAMON,371,14
2655,CAMPO VIERA,371,14
2656,COLONIA ALBERDI,371,14
2657,EL SALTO,371,14
2658,GENERAL ALVEAR,371,14
2659,GUARANI,371,14
2660,LOS HELECHOS,371,14
2661,OBERA,371,14
2662,PANAMBI,371,14
2663,PANAMBI KILOMETRO 15,371,14
2664,PANAMBI KILOMETRO 8,371,14
2665,SAN MARTIN,371,14
2666,VILLA BONITA,371,14
2667,BARRIO TUNGOIL,372,14
2668,COLONIA POLANA,372,14
2669,CORPUS,372,14
2670,DOMINGO SAVIO,372,14
2671,GENERAL URQUIZA,372,14
2672,GOBERNADOR ROCA,372,14
2673,HELVECIA,372,14
2674,HIPOLITO YRIGOYEN,372,14
2675,JARDIN AMERICA,372,14
2676,OASIS,372,14
2677,ROCA CHICA,372,14
2678,SAN IGNACIO,372,14
2679,SANTO PIPO,372,14
2680,FLORENTINO AMEGHINO,373,14
2681,ITACARUARE,373,14
2682,MOJON GRANDE,373,14
2683,SAN JAVIER,373,14
2684,CRUCE CABALLERO,374,14
2685,PARAISO,374,14
2686,PI\u00d1ALITO SUR,374,14
2687,SAN PEDRO,374,14
2688,TOBUNA,374,14
2689,ALUMINE,375,15
2690,MOQUEHUE,375,15
2691,VILLA PEHUENIA,375,15
2692,AGUADA SAN ROQUE,376,15
2693,A\u00d1ELO,376,15
2694,SAN PATRICIO DEL CHA\u00d1AR,376,15
2695,LAS COLORADAS,377,15
2696,CHOS MALAL,378,15
2697,TRICAO MALAL,378,15
2698,VILLA DEL CURI LEUVU,378,15
2699,PIEDRA DEL AGUILA,379,15
2700,SANTO TOMAS,379,15
2701,ARROYITO,380,15
2702,CUTRAL CO,380,15
2703,NEUQUEN,380,15
2704,PLAZA HUINCUL,380,15
2705,PLOTTIER,380,15
2706,SENILLOSA,380,15
2707,VILLA EL CHOCON,380,15
2708,VISTA ALEGRE NORTE,380,15
2709,VISTA ALEGRE SUR,380,15
2710,JUNIN DE LOS ANDES,381,15
2711,SAN MARTIN DE LOS ANDES,382,15
2712,CHORRIACA,383,15
2713,LONCOPUE,383,15
2714,VILLA LA ANGOSTURA,384,15
2715,VILLA TRAFUL,384,15
2716,ANDACOLLO,385,15
2717,HUINGANCO,385,15
2718,LAS OVEJAS,385,15
2719,LOS MICHES,385,15
2720,MANZANO AMARGO,385,15
2721,VARVARCO,385,15
2722,VILLA DEL NAHUEVE,385,15
2723,CAVIAHUE,386,15
2724,COPAHUE,386,15
2725,EL CHOLAR,386,15
2726,EL HUECU,386,15
2727,BARRANCAS,387,15
2728,BUTA RANQUIL,387,15
2729,OCTAVIO PICO,387,15
2730,RINCON DE LOS SAUCES,387,15
2731,EL SAUCE,388,15
2732,PASO AGUERRE,388,15
2733,PICUN LEUFU,388,15
2734,BAJADA DEL AGRIO,389,15
2735,LA BUITRERA,389,15
2736,LAS LAJAS,389,15
2737,QUILI MALAL,389,15
2738,COVUNCO CENTRO,390,15
2739,LOS CATUTOS,390,15
2740,MARIANO MORENO,390,15
2741,RAMON M. CASTRO,390,15
2742,ZAPALA,390,15
2743,INGENIERO JACOBACCI,391,16
2744,LOS MENUCOS,391,16
2745,MAQUINCHAO,391,16
2746,MINISTRO RAMOS MEXIA,392,16
2747,SIERRA COLORADA,392,16
2748,BAHIA CREEK,393,16
2749,EL CONDOR,393,16
2750,EL JUNCAL,393,16
2751,GUARDIA MITRE,393,16
2752,LA LOBERIA,393,16
2753,LOTEO COSTA DE RIO,393,16
2754,VIEDMA,393,16
2755,BARRIO UNION,394,16
2756,CHIMPAY,394,16
2757,CHOELE CHOEL,394,16
2758,CORONEL BELISLE,394,16
2759,DARWIN,394,16
2760,LAMARQUE,394,16
2761,LUIS BELTRAN,394,16
2762,POMONA,394,16
2763,COLONIA SUIZA,395,16
2764,EL BOLSON,395,16
2765,MALLIN AHOGADO,395,16
2766,SAN CARLOS DE BARILOCHE,395,16
2767,VILLA CAMPANARIO,395,16
2768,VILLA CATEDRAL,395,16
2769,VILLA LLAO LLAO,395,16
2770,BARRIO COLONIA CONESA,396,16
2771,GENERAL CONESA,396,16
2772,LAS PERLAS,397,16
2773,PASO CORDOVA,397,16
2774,ALLEN,398,16
2775,BARDA DEL MEDIO,398,16
2776,BARRIO BLANCO,398,16
2777,BARRIO CALLE CIEGA N\u00ba 10,398,16
2778,BARRIO CALLE CIEGA N\u00ba 6,398,16
2779,BARRIO CANALE,398,16
2780,BARRIO CHACRA MONTE,398,16
2781,BARRIO COSTA ESTE,398,16
2782,BARRIO COSTA OESTE,398,16
2783,BARRIO EL LABRADOR,398,16
2784,BARRIO EL MARUCHITO,398,16
2785,BARRIO EL PETROLEO,398,16
2786,BARRIO EMERGENTE,398,16
2787,BARRIO FATIMA,398,16
2788,BARRIO FRONTERA,398,16
2789,BARRIO GUERRICO,398,16
2790,BARRIO ISLA 10,398,16
2791,BARRIO LA BARDA,398,16
2792,BARRIO LA COSTA,398,16
2793,BARRIO LA DEFENSA,398,16
2794,BARRIO LA HERRADURA,398,16
2795,BARRIO LA LOR,398,16
2796,BARRIO LUISILLO,398,16
2797,BARRIO MAR DEL PLATA,398,16
2798,BARRIO MARIA ELVIRA,398,16
2799,BARRIO MO\u00d1O AZUL,398,16
2800,BARRIO NORTE,398,16
2801,BARRIO PINO AZUL,398,16
2802,BARRIO PORVENIR,398,16
2803,BARRIO PRESIDENTE PERON,398,16
2804,BARRIO SANTA LUCIA,398,16
2805,BARRIO SANTA RITA,398,16
2806,BARRIO UNION,398,16
2807,CATRIEL,398,16
2808,CERVANTES,398,16
2809,CHICHINALES,398,16
2810,CINCO SALTOS,398,16
2811,CIPOLLETTI,398,16
2812,CONTRALMIRANTE CORDERO,398,16
2813,FERRI,398,16
2814,GENERAL ENRIQUE GODOY,398,16
2815,GENERAL FERNANDEZ ORO,398,16
2816,GENERAL ROCA,398,16
2817,INGENIERO LUIS A. HUERGO,398,16
2818,INGENIERO OTTO KRAUSE,398,16
2819,MAINQUE,398,16
2820,PASO CORDOVA,398,16
2821,PUENTE CERO,398,16
2822,SARGENTO VIDAL,398,16
2823,VILLA ALBERDI,398,16
2824,VILLA DEL PARQUE,398,16
2825,VILLA MANZANO,398,16
2826,VILLA REGINA,398,16
2827,VILLA SAN ISIDRO,398,16
2828,LAS BAYAS,399,16
2829,\u00d1ORQUINCO,399,16
2830,BARRIO ESPERANZA,400,16
2831,COLONIA JULIA Y ECHARREN,400,16
2832,JUVENTUD UNIDA,400,16
2833,RIO COLORADO,400,16
2834,SALTO ANDERSEN,400,16
2835,COMALLO,401,16
2836,DINA HUAPI,401,16
2837,\u00d1IRIHUAU,401,16
2838,PILCANIYEU,401,16
2839,EL EMPALME,402,16
2840,LAS GRUTAS,402,16
2841,PLAYAS DORADAS,402,16
2842,PUERTO SAN ANTONIO ESTE,402,16
2843,PUNTA COLORADA,402,16
2844,SACO VIEJO,402,16
2845,SAN ANTONIO OESTE,402,16
2846,SIERRA GRANDE,402,16
2847,VALCHETA,403,16
2848,APOLINARIO SARAVIA,404,17
2849,CEIBALITO,404,17
2850,CENTRO 25 DE JUNIO,404,17
2851,CORONEL MOLLINEDO,404,17
2852,CORONEL OLLEROS,404,17
2853,EL QUEBRACHAL,404,17
2854,GAONA,404,17
2855,GENERAL PIZARRO,404,17
2856,JOAQUIN V. GONZALEZ,404,17
2857,LAS LAJITAS,404,17
2858,LUIS BURELA,404,17
2859,MACAPILLO,404,17
2860,NUESTRA SE\u00d1ORA DE TALAVERA,404,17
2861,PIQUETE CABADO,404,17
2862,RIO DEL VALLE,404,17
2863,TOLLOCHE,404,17
2864,CACHI,405,17
2865,PAYOGASTA,405,17
2866,CAFAYATE,406,17
2867,TOLOMBON,406,17
2868,COUNTRY CLUB EL TIPAL,407,17
2869,COUNTRY CLUB LA ALMUDENA,407,17
2870,SALTA,407,17
2871,VILLA SAN LORENZO,407,17
2872,CERRILLOS,408,17
2873,LA MERCED,408,17
2874,SAN AGUSTIN,408,17
2875,BARRIO FINCA LA MAROMA,409,17
2876,BARRIO LA ROTONDA,409,17
2877,BARRIO SANTA TERESITA,409,17
2878,CHICOANA,409,17
2879,EL CARRIL,409,17
2880,CAMPO SANTO,410,17
2881,COBOS,410,17
2882,EL BORDO,410,17
2883,GENERAL G\u00dcEMES,410,17
2884,AGUARAY,411,17
2885,CAMPICHUELO,411,17
2886,CAMPO DURAN,411,17
2887,CAPIAZUTI,411,17
2888,CARBONCITO,411,17
2889,CORONEL CORNEJO,411,17
2890,DRAGONES,411,17
2891,EMBARCACION,411,17
2892,GENERAL BALLIVIAN,411,17
2893,GENERAL MOSCONI,411,17
2894,HICKMAN,411,17
2895,MISION CHAQUE\u00d1A,411,17
2896,MISION KILOMETRO 6,411,17
2897,MISION TIERRAS FISCALES,411,17
2898,PACARA,411,17
2899,PADRE LOZANO,411,17
2900,PIQUIRENDA,411,17
2901,PROFESOR SALVADOR MAZZA,411,17
2902,RECAREDO,411,17
2903,TARTAGAL,411,17
2904,TOBANTIRENDA,411,17
2905,TRANQUITAS,411,17
2906,YACUY,411,17
2907,GUACHIPAS,412,17
2908,IRUYA,413,17
2909,ISLA DE CA\u00d1AS,413,17
2910,PUEBLO VIEJO,413,17
2911,LA CALDERA,414,17
2912,VAQUEROS,414,17
2913,EL JARDIN,415,17
2914,EL TALA,415,17
2915,LA CANDELARIA,415,17
2916,COBRES,416,17
2917,LA POMA,416,17
2918,AMPASCACHI,417,17
2919,CABRA CORRAL,417,17
2920,CORONEL MOLDES,417,17
2921,LA VI\u00d1A,417,17
2922,TALAPAMPA,417,17
2923,OLACAPATO,418,17
2924,SAN ANTONIO DE LOS COBRES,418,17
2925,SANTA ROSA DE LOS PASTOS GRANDES,418,17
2926,TOLAR GRANDE,418,17
2927,EL GALPON,419,17
2928,EL TUNAL,419,17
2929,LUMBRERAS,419,17
2930,RIO PIEDRAS,419,17
2931,SAN JOSE DE METAN (EST. METAN),419,17
2932,SAN JOSE DE ORQUERA,419,17
2933,LA PUERTA,420,17
2934,MOLINOS,420,17
2935,SECLANTAS,420,17
2936,AGUAS BLANCAS,421,17
2937,COLONIA SANTA ROSA,421,17
2938,EL TABACAL,421,17
2939,HIPOLITO YRIGOYEN,421,17
2940,LA MISION,421,17
2941,PICHANAL,421,17
2942,SAN RAMON DE LA NUEVA ORAN,421,17
2943,URUNDEL,421,17
2944,ALTO DE LA SIERRA,422,17
2945,CAPITAN JUAN PAGE,422,17
2946,CORONEL JUAN SOLA,422,17
2947,HITO 1,422,17
2948,LA UNION,422,17
2949,LOS BLANCOS,422,17
2950,PLUMA DE PATO,422,17
2951,RIVADAVIA,422,17
2952,SANTA MARIA,422,17
2953,SANTA ROSA,422,17
2954,SANTA VICTORIA ESTE,422,17
2955,ANTILLA,423,17
2956,COPO QUILE,423,17
2957,EL NARANJO,423,17
2958,EL POTRERO,423,17
2959,ROSARIO DE LA FRONTERA,423,17
2960,SAN FELIPE,423,17
2961,CAMPO QUIJANO,424,17
2962,LA MERCED DEL ENCON,424,17
2963,LA SILLETA,424,17
2964,ROSARIO DE LERMA,424,17
2965,ANGASTACO,425,17
2966,ANIMANA,425,17
2967,SAN CARLOS,425,17
2968,ACOYTE,426,17
2969,CAMPO LA CRUZ,426,17
2970,LOS TOLDOS,426,17
2971,NAZARENO,426,17
2972,POSCAYA,426,17
2973,SAN MARCOS,426,17
2974,SANTA VICTORIA,426,17
2975,EL ENCON,427,18
2976,LA CHIMBERA,427,18
2977,TUPELI,427,18
2978,VILLA BORJAS,427,18
2979,VILLA BORJAS - LA CHIMBERA,427,18
2980,VILLA EL TANGO,427,18
2981,VILLA SANTA ROSA,427,18
2982,9 DE JULIO,428,18
2983,ALTO DE SIERRA,428,18
2984,LAS CHACRITAS,428,18
2985,EL RINCON,429,18
2986,VILLA GENERAL SAN MARTIN - CAMPO AFUERA,429,18
2987,LAS TAPIAS,430,18
2988,VILLA EL SALVADOR,430,18
2989,VILLA EL SALVADOR - VILLA SEFAIR,430,18
2990,VILLA SEFAIR,430,18
2991,BARREAL - VILLA PITUIL,431,18
2992,CALINGASTA,431,18
2993,TAMBERIAS,431,18
2994,SAN JUAN,432,18
2995,BERMEJO,433,18
2996,CAUCETE,433,18
2997,EL RINCON,433,18
2998,LAS TALAS,433,18
2999,LAS TALAS - LOS MEDANOS,433,18
3000,LOS MEDANOS,433,18
3001,MARAYES,433,18
3002,PIE DE PALO,433,18
3003,VALLECITO,433,18
3004,VILLA INDEPENDENCIA,433,18
3005,CHIMBAS,434,18
3006,ANGUALASTO,435,18
3007,IGLESIA,435,18
3008,LAS FLORES,435,18
3009,PISMANTA,435,18
3010,RODEO,435,18
3011,TUDCUM,435,18
3012,EL MEDANO,436,18
3013,GRAN CHINA,436,18
3014,HUACO,436,18
3015,LA FALDA,436,18
3016,MOGNA,436,18
3017,NIQUIVIL,436,18
3018,PAMPA VIEJA,436,18
3019,SAN ISIDRO,436,18
3020,SAN JOSE DE JACHAL,436,18
3021,TAMBERIAS,436,18
3022,VILLA MALVINAS ARGENTINAS,436,18
3023,VILLA MERCEDES,436,18
3024,BARRIO MUNICIPAL,437,18
3025,BARRIO RUTA 40,437,18
3026,CARPINTERIA,437,18
3027,LA RINCONADA,437,18
3028,QUINTO CUARTEL,437,18
3029,VILLA ABERASTAIN,437,18
3030,VILLA ABERASTAIN - LA RINCONADA,437,18
3031,VILLA BARBOZA,437,18
3032,VILLA BARBOZA - VILLA NACUSI,437,18
3033,VILLA CENTENARIO,437,18
3034,VILLA NACUSI,437,18
3035,EL MEDANITO,438,18
3036,RAWSON,438,18
3037,VILLA BOLA\u00d1OS (MEDANO DE ORO),438,18
3038,RIVADAVIA,439,18
3039,BARRIO SADOP - BELLA VISTA,440,18
3040,DOS ACEQUIAS,440,18
3041,SAN ISIDRO,440,18
3042,VILLA DEL SALVADOR,440,18
3043,VILLA DOMINGUITO,440,18
3044,VILLA DON BOSCO,440,18
3045,VILLA SAN MARTIN,440,18
3046,COLONIA GUTIERREZ,441,18
3047,SANTA LUCIA,441,18
3048,CA\u00d1ADA HONDA,442,18
3049,CIENAGUITA,442,18
3050,COLONIA FISCAL,442,18
3051,DIVISADERO,442,18
3052,LAS LAGUNAS,442,18
3053,LOS BERROS,442,18
3054,PEDERNAL,442,18
3055,PUNTA DEL MEDANO,442,18
3056,VILLA MEDIA AGUA,442,18
3057,VILLA IBA\u00d1EZ,443,18
3058,ASTICA,444,18
3059,BALDE DEL ROSARIO,444,18
3060,CHUCUMA,444,18
3061,LOS BALDECITOS,444,18
3062,USNO,444,18
3063,VILLA SAN AGUSTIN,444,18
3064,VILLA BASILIO NIEVAS,445,18
3065,VILLA TACU,445,18
3066,CANDELARIA,446,19
3067,LEANDRO N. ALEM,446,19
3068,LUJAN,446,19
3069,QUINES,446,19
3070,SAN FRANCISCO DEL MONTE DE ORO,446,19
3071,LA CALERA,447,19
3072,NOGOLI,447,19
3073,VILLA DE LA QUEBRADA,447,19
3074,VILLA GENERAL ROCA,447,19
3075,CONCARAN,448,19
3076,CORTADERAS,448,19
3077,NASCHEL,448,19
3078,PAPAGAYOS,448,19
3079,RENCA,448,19
3080,SAN PABLO,448,19
3081,TILISARAO,448,19
3082,VILLA DEL CARMEN,448,19
3083,VILLA LARCA,448,19
3084,CAROLINA,449,19
3085,EL TRAPICHE,449,19
3086,ESTANCIA GRANDE,449,19
3087,FRAGA,449,19
3088,LA FLORIDA,449,19
3089,LA TOMA,449,19
3090,RIOCITO,449,19
3091,SALADILLO,449,19
3092,JUAN JORBA,450,19
3093,JUAN LLERENA,450,19
3094,JUSTO DARACT,450,19
3095,LA PUNILLA,450,19
3096,LA RIBERA,450,19
3097,LAVAISSE,450,19
3098,NACION RANQUEL,450,19
3099,SAN JOSE DEL MORRO,450,19
3100,VILLA MERCEDES,450,19
3101,VILLA SALLES,450,19
3102,ANCHORENA,451,19
3103,ARIZONA,451,19
3104,BAGUAL,451,19
3105,BATAVIA,451,19
3106,BUENA ESPERANZA,451,19
3107,FORTIN EL PATRIA,451,19
3108,FORTUNA,451,19
3109,NAVIA,451,19
3110,NUEVA GALIA,451,19
3111,UNION,451,19
3112,ALTO PELADO,452,19
3113,ALTO PENCOSO,452,19
3114,BALDE,452,19
3115,BEAZLEY,452,19
3116,CAZADOR,452,19
3117,CERRO COLORADO,452,19
3118,CRUZ DE PIEDRA,452,19
3119,DESAGUADERO,452,19
3120,EL CHORRILLO,452,19
3121,EL VOLCAN,452,19
3122,JARILLA,452,19
3123,JUANA KOSLAY,452,19
3124,LA PUNTA,452,19
3125,LAS CHACRAS,452,19
3126,POTRERO DE LOS FUNES,452,19
3127,SALINAS DEL BEBEDERO,452,19
3128,SAN LUIS,452,19
3129,SAN ROQUE,452,19
3130,ZANJITAS,452,19
3131,CARPINTERIA,453,19
3132,LOS MOLLES,453,19
3133,MERLO,453,19
3134,SANTA ROSA DEL CONLARA,453,19
3135,TALITA,453,19
3136,LA VERTIENTE,454,19
3137,LAS AGUADAS,454,19
3138,LAS CHACRAS,454,19
3139,LAS LAGUNAS,454,19
3140,PASO GRANDE,454,19
3141,SAN MARTIN,454,19
3142,VILLA DE PRAGA,454,19
3143,ESTEBAN RAMS,455,20
3144,GATO COLORADO,455,20
3145,GREGORIA PEREZ DE DENIS,455,20
3146,LOGRO\u00d1O,455,20
3147,MONTEFIORE,455,20
3148,POZO BORRADO,455,20
3149,SAN BERNARDO,455,20
3150,SANTA MARGARITA,455,20
3151,TOSTADO,455,20
3152,VILLA MINETTI,455,20
3153,ARMSTRONG,456,20
3154,BOUQUET,456,20
3155,LAS PAREJAS,456,20
3156,LAS ROSAS,456,20
3157,MONTES DE OCA,456,20
3158,TORTUGAS,456,20
3159,AREQUITO,457,20
3160,ARTEAGA,457,20
3161,BERAVEBU,457,20
3162,BIGAND,457,20
3163,CASILDA,457,20
3164,CHABAS,457,20
3165,CHA\u00d1AR LADEADO,457,20
3166,G\u00d6DEKEN,457,20
3167,LOS MOLINOS,457,20
3168,LOS NOGALES,457,20
3169,LOS QUIRQUINCHOS,457,20
3170,SAN JOSE DE LA ESQUINA,457,20
3171,SANFORD,457,20
3172,VILLADA,457,20
3173,ALDAO,458,20
3174,ANGELICA,458,20
3175,ATALIVA,458,20
3176,AURELIA,458,20
3177,BARRIOS ACAPULCO Y VERACRUZ,458,20
3178,BAUER Y SIGEL,458,20
3179,BELLA ITALIA,458,20
3180,CASTELLANOS,458,20
3181,COLONIA BICHA,458,20
3182,COLONIA CELLO,458,20
3183,COLONIA MARGARITA,458,20
3184,COLONIA RAQUEL,458,20
3185,CORONEL FRAGA,458,20
3186,EGUSQUIZA,458,20
3187,ESMERALDA,458,20
3188,ESTACION CLUCELLAS,458,20
3189,ESTACION PRESIDENTE ROCA,458,20
3190,ESTACION SAGUIER,458,20
3191,EUSEBIA Y CAROLINA,458,20
3192,EUSTOLIA,458,20
3193,FRONTERA,458,20
3194,GARIBALDI,458,20
3195,HUMBERTO PRIMO,458,20
3196,JOSEFINA,458,20
3197,LEHMANN,458,20
3198,MARIA JUANA,458,20
3199,NUEVA LEHMANN,458,20
3200,PLAZA CLUCELLAS,458,20
3201,PLAZA SAGUIER,458,20
3202,PRESIDENTE ROCA,458,20
3203,PUEBLO MARINI,458,20
3204,RAFAELA,458,20
3205,RAMONA,458,20
3206,SAN ANTONIO,458,20
3207,SAN VICENTE,458,20
3208,SANTA CLARA DE SAGUIER,458,20
3209,SUNCHALES,458,20
3210,SUSANA,458,20
3211,TACURAL,458,20
3212,VILA,458,20
3213,VILLA JOSEFINA,458,20
3214,VILLA SAN JOSE,458,20
3215,VIRGINIA,458,20
3216,ZENON PEREYRA,458,20
3217,ALCORTA,459,20
3218,BARRIO ARROYO DEL MEDIO,459,20
3219,BARRIO MITRE,459,20
3220,BOMBAL,459,20
3221,CA\u00d1ADA RICA,459,20
3222,CEPEDA,459,20
3223,EMPALME VILLA CONSTITUCION,459,20
3224,FIRMAT,459,20
3225,GENERAL GELLY,459,20
3226,GODOY,459,20
3227,JUAN B. MOLINA,459,20
3228,JUNCAL,459,20
3229,LA VANGUARDIA,459,20
3230,MAXIMO PAZ,459,20
3231,PAVON,459,20
3232,PAVON ARRIBA,459,20
3233,PEYRANO,459,20
3234,RUEDA,459,20
3235,SANTA TERESA,459,20
3236,SARGENTO CABRAL,459,20
3237,STEPHENSON,459,20
3238,THEOBALD,459,20
3239,VILLA CONSTITUCION,459,20
3240,CAYASTA,460,20
3241,HELVECIA,460,20
3242,LOS ZAPALLOS,460,20
3243,SALADERO MARIANO CABAL,460,20
3244,SANTA ROSA DE CALCHINES,460,20
3245,AARON CASTELLANOS,461,20
3246,AMENABAR,461,20
3247,CAFFERATA,461,20
3248,CA\u00d1ADA DEL UCLE,461,20
3249,CARMEN,461,20
3250,CARRERAS,461,20
3251,CHAPUY,461,20
3252,CHOVET,461,20
3253,CHRISTOPHERSEN,461,20
3254,DIEGO DE ALVEAR,461,20
3255,ELORTONDO,461,20
3256,FIRMAT,461,20
3257,HUGHES,461,20
3258,LA CHISPA,461,20
3259,LABORDEBOY,461,20
3260,LAZZARINO,461,20
3261,MAGGIOLO,461,20
3262,MARIA TERESA,461,20
3263,MELINCUE,461,20
3264,MIGUEL TORRES,461,20
3265,MURPHY,461,20
3266,RUFINO,461,20
3267,SAN EDUARDO,461,20
3268,SAN FRANCISCO DE SANTA FE,461,20
3269,SAN GREGORIO,461,20
3270,SANCTI SPIRITU,461,20
3271,SANTA ISABEL,461,20
3272,TEODELINA,461,20
3273,VENADO TUERTO,461,20
3274,VILLA CA\u00d1AS,461,20
3275,WHEELWRIGHT,461,20
3276,ARROYO CEIBAL,462,20
3277,AVELLANEDA,462,20
3278,BERNA,462,20
3279,EL ARAZA,462,20
3280,EL RABON,462,20
3281,FLORENCIA,462,20
3282,GUADALUPE NORTE,462,20
3283,INGENIERO CHANOURDIE,462,20
3284,LA ISLETA,462,20
3285,LA SARITA,462,20
3286,LANTERI,462,20
3287,LAS GARZAS,462,20
3288,LAS TOSCAS,462,20
3289,LOS LAURELES,462,20
3290,MALABRIGO,462,20
3291,PARAJE SAN MANUEL,462,20
3292,PUERTO RECONQUISTA,462,20
3293,RECONQUISTA,462,20
3294,SAN ANTONIO DE OBLIGADO,462,20
3295,TACUARENDI,462,20
3296,VILLA ANA,462,20
3297,VILLA GUILLERMINA,462,20
3298,VILLA OCAMPO,462,20
3299,BARRIO CICARELLI,463,20
3300,BUSTINZA,463,20
3301,CA\u00d1ADA DE GOMEZ,463,20
3302,CARRIZALES,463,20
3303,CLASSON,463,20
3304,COLONIA MEDICI,463,20
3305,CORREA,463,20
3306,LARGUIA,463,20
3307,LUCIO V. LOPEZ,463,20
3308,OLIVEROS,463,20
3309,PUEBLO ANDINO,463,20
3310,SALTO GRANDE,463,20
3311,SERODINO,463,20
3312,TOTORAS,463,20
3313,VILLA ELOISA,463,20
3314,VILLA LA RIVERA (OLIVEROS),463,20
3315,VILLA LA RIVERA (PUEBLO ANDINO),463,20
3316,ANGEL GALLARDO,464,20
3317,ARROYO AGUIAR,464,20
3318,ARROYO LEYES,464,20
3319,CABAL,464,20
3320,CAMPO ANDINO,464,20
3321,CANDIOTI,464,20
3322,EMILIA,464,20
3323,LAGUNA PAIVA,464,20
3324,LLAMBI CAMPBELL,464,20
3325,MONTE VERA,464,20
3326,NELSON,464,20
3327,PARAJE CHACO CHICO,464,20
3328,PARAJE LA COSTA,464,20
3329,RECREO,464,20
3330,RINCON NORTE,464,20
3331,RINCON POTRERO,464,20
3332,SAN JOSE DEL RINCON,464,20
3333,SANTA FE,464,20
3334,SANTO TOME,464,20
3335,SAUCE VIEJO,464,20
3336,VILLA ADELINA,464,20
3337,VILLA LAURA,464,20
3338,CAVOUR,465,20
3339,CULULU,465,20
3340,ELISA,465,20
3341,EMPALME SAN CARLOS,465,20
3342,ESPERANZA,465,20
3343,FELICIA,465,20
3344,FRANCK,465,20
3345,GRUTLY,465,20
3346,HIPATIA,465,20
3347,HUMBOLDT,465,20
3348,JACINTO L. ARAUZ,465,20
3349,LA PELADA,465,20
3350,LAS TUNAS,465,20
3351,MARIA LUISA,465,20
3352,MATILDE,465,20
3353,NUEVO TORINO,465,20
3354,PILAR,465,20
3355,PLAZA MATILDE,465,20
3356,PROGRESO,465,20
3357,PROVIDENCIA,465,20
3358,SA PEREYRA,465,20
3359,SAN AGUSTIN,465,20
3360,SAN CARLOS CENTRO,465,20
3361,SAN CARLOS NORTE,465,20
3362,SAN CARLOS SUD,465,20
3363,SAN JERONIMO DEL SAUCE,465,20
3364,SAN JERONIMO NORTE,465,20
3365,SAN MARIANO,465,20
3366,SANTA CLARA DE BUENA VISTA,465,20
3367,SANTO DOMINGO,465,20
3368,SARMIENTO,465,20
3369,ACEBAL,466,20
3370,ALBARELLOS,466,20
3371,ALVAREZ,466,20
3372,ALVEAR,466,20
3373,ARBILLA,466,20
3374,ARMINDA,466,20
3375,ARROYO SECO,466,20
3376,CARMEN DEL SAUCE,466,20
3377,CORONEL BOGADO,466,20
3378,CORONEL RODOLFO S. DOMINGUEZ,466,20
3379,CUATRO ESQUINAS,466,20
3380,EL CARAMELO,466,20
3381,FIGHIERA,466,20
3382,FUNES,466,20
3383,GENERAL LAGOS,466,20
3384,GRANADERO BAIGORRIA,466,20
3385,IBARLUCEA,466,20
3386,KILOMETRO 101,466,20
3387,LOS MUCHACHOS - LA ALBORADA,466,20
3388,MONTE FLORES,466,20
3389,PEREZ,466,20
3390,PI\u00d1ERO,466,20
3391,PUEBLO ESTHER,466,20
3392,PUEBLO MU\u00d1OZ,466,20
3393,PUEBLO URANGA,466,20
3394,PUERTO ARROYO SECO,466,20
3395,ROSARIO,466,20
3396,SOLDINI,466,20
3397,VILLA AMELIA,466,20
3398,VILLA DEL PLATA,466,20
3399,VILLA GOBERNADOR GALVEZ,466,20
3400,ZAVALLA,466,20
3401,AGUARA GRANDE,467,20
3402,AMBROSETTI,467,20
3403,ARRUFO,467,20
3404,BALNEARIO LA VERDE,467,20
3405,CAPIVARA,467,20
3406,CERES,467,20
3407,COLONIA ANA,467,20
3408,COLONIA BOSSI,467,20
3409,COLONIA ROSA,467,20
3410,CONSTANZA,467,20
3411,CURUPAYTI,467,20
3412,HERSILIA,467,20
3413,HUANQUEROS,467,20
3414,LA CABRAL,467,20
3415,LA LUCILA,467,20
3416,LA RUBIA,467,20
3417,LAS AVISPAS,467,20
3418,LAS PALMERAS,467,20
3419,MOISES VILLE,467,20
3420,MONIGOTES,467,20
3421,\u00d1ANDUCITA,467,20
3422,PALACIOS,467,20
3423,SAN CRISTOBAL,467,20
3424,SAN GUILLERMO,467,20
3425,SANTURCE,467,20
3426,SOLEDAD,467,20
3427,SUARDI,467,20
3428,VILLA SARALEGUI,467,20
3429,VILLA TRINIDAD,467,20
3430,ALEJANDRA,468,20
3431,CACIQUE ARIACAIQUIN,468,20
3432,COLONIA DURAN,468,20
3433,LA BRAVA,468,20
3434,ROMANG,468,20
3435,SAN JAVIER,468,20
3436,AROCENA,469,20
3437,BALNEARIO MONJE,469,20
3438,BARRANCAS,469,20
3439,BARRIO CAIMA,469,20
3440,BARRIO EL PACAA - BARRIO COMIPINI,469,20
3441,BERNARDO DE IRIGOYEN,469,20
3442,CASALEGNO,469,20
3443,CENTENO,469,20
3444,CORONDA,469,20
3445,DESVIO ARIJON,469,20
3446,DIAZ,469,20
3447,GABOTO,469,20
3448,GALVEZ,469,20
3449,GESSLER,469,20
3450,IRIGOYEN,469,20
3451,LARRECHEA,469,20
3452,LOMA ALTA,469,20
3453,LOPEZ,469,20
3454,MACIEL,469,20
3455,MONJE,469,20
3456,PUERTO ARAGON,469,20
3457,SAN EUGENIO,469,20
3458,SAN FABIAN,469,20
3459,SAN GENARO,469,20
3460,SAN GENARO NORTE,469,20
3461,ANGELONI,470,20
3462,CAYASTACITO,470,20
3463,COLONIA DOLORES,470,20
3464,ESTHER,470,20
3465,GOBERNADOR CRESPO,470,20
3466,LA CRIOLLA,470,20
3467,LA PENCA Y CARAGUATA,470,20
3468,MARCELINO ESCALADA,470,20
3469,NARE,470,20
3470,PEDRO GOMEZ CELLO,470,20
3471,RAMAYON,470,20
3472,SAN BERNARDO,470,20
3473,SAN JUSTO,470,20
3474,SAN MARTIN NORTE,470,20
3475,SILVA,470,20
3476,VERA Y PINTADO,470,20
3477,VIDELA,470,20
3478,ALDAO,471,20
3479,CAPITAN BERMUDEZ,471,20
3480,CARCARA\u00d1A,471,20
3481,CORONEL ARNOLD,471,20
3482,FRAY LUIS BELTRAN,471,20
3483,FUENTES,471,20
3484,LUIS PALACIOS,471,20
3485,PUERTO GENERAL SAN MARTIN,471,20
3486,PUJATO,471,20
3487,RICARDONE,471,20
3488,ROLDAN,471,20
3489,SAN JERONIMO SUD,471,20
3490,SAN LORENZO,471,20
3491,TIMBUES,471,20
3492,VILLA ELVIRA,471,20
3493,VILLA MUGUETA,471,20
3494,CA\u00d1ADA ROSQUIN,472,20
3495,CARLOS PELLEGRINI,472,20
3496,CASAS,472,20
3497,CASTELAR,472,20
3498,COLONIA BELGRANO,472,20
3499,CRISPI,472,20
3500,EL TREBOL,472,20
3501,LANDETA,472,20
3502,LAS BANDURRIAS,472,20
3503,LAS PETACAS,472,20
3504,LOS CARDOS,472,20
3505,MARIA SUSANA,472,20
3506,PIAMONTE,472,20
3507,SAN JORGE,472,20
3508,SAN MARTIN DE LAS ESCOBAS,472,20
3509,SASTRE,472,20
3510,TRAILL,472,20
3511,WILDERMUTH,472,20
3512,CALCHAQUI,473,20
3513,CA\u00d1ADA OMBU,473,20
3514,COLMENA,473,20
3515,FORTIN OLMOS,473,20
3516,GARABATO,473,20
3517,GOLONDRINA,473,20
3518,INTIYACO,473,20
3519,KILOMETRO 115,473,20
3520,LA GALLARETA,473,20
3521,LOS AMORES,473,20
3522,MARGARITA,473,20
3523,PARAJE 29,473,20
3524,POZO DE LOS INDIOS,473,20
3525,PUEBLO SANTA LUCIA,473,20
3526,TARTAGAL,473,20
3527,TOBA,473,20
3528,VERA,473,20
3529,SAN PEDRO,474,21
3530,RIO GRANDE,475,22
3531,USHUAIA,476,22
3532,BARRIO SAN JORGE,477,23
3533,EL CHA\u00d1AR,477,23
3534,EL NARANJO,477,23
3535,GARMENDIA,477,23
3536,LA RAMADA,477,23
3537,MACOMITAS,477,23
3538,PIEDRABUENA,477,23
3539,VILLA BENJAMIN ARAOZ,477,23
3540,VILLA BURRUYACU,477,23
3541,VILLA PADRE MONTI,477,23
3542,SAN MIGUEL DE TUCUMAN,478,23
3543,ALPACHIRI,479,23
3544,ALTO VERDE,479,23
3545,ARCADIA,479,23
3546,CONCEPCION,479,23
3547,ILTICO,479,23
3548,LA TRINIDAD,479,23
3549,MEDINA,479,23
3550,ALDERETES,480,23
3551,BANDA DEL RIO SALI,480,23
3552,BARRIO AEROPUERTO,480,23
3553,COLOMBRES,480,23
3554,COLONIA MAYO - BARRIO LA MILAGROSA,480,23
3555,DELFIN GALLO,480,23
3556,EL BRACHO,480,23
3557,EL CORTE,480,23
3558,EL PARAISO,480,23
3559,EX INGENIO ESPERANZA,480,23
3560,EX INGENIO LOS RALOS,480,23
3561,EX INGENIO LUJAN,480,23
3562,INGENIO LA FLORIDA,480,23
3563,LA FLORIDA,480,23
3564,LAS CEJAS,480,23
3565,LASTENIA,480,23
3566,LOS GUTIERREZ,480,23
3567,LOS RALOS,480,23
3568,PACARA,480,23
3569,RANCHILLOS,480,23
3570,SAN ANDRES,480,23
3571,VILLA RECASTE,480,23
3572,VILLA TERCERA,480,23
3573,CAMPO DE HERRERA,481,23
3574,EX INGENIO NUEVA BAVIERA,481,23
3575,FAMAILLA,481,23
3576,INGENIO FRONTERITA,481,23
3577,GRANEROS,482,23
3578,LAMADRID,482,23
3579,TACO RALO,482,23
3580,JUAN BAUTISTA ALBERDI,483,23
3581,VILLA BELGRANO,483,23
3582,LA COCHA,484,23
3583,SAN JOSE DE LA COCHA,484,23
3584,BELLA VISTA,485,23
3585,ESTACION ARAOZ,485,23
3586,LOS PUESTOS,485,23
3587,MANUEL GARCIA FERNANDEZ,485,23
3588,RIO COLORADO,485,23
3589,SANTA ROSA DE LEALES,485,23
3590,VILLA DE LEALES,485,23
3591,VILLA FIAD - INGENIO LEALES,485,23
3592,BARRIO ARAUJO,486,23
3593,BARRIO SAN FELIPE,486,23
3594,EL MANANTIAL,486,23
3595,INGENIO SAN PABLO,486,23
3596,LA REDUCCION,486,23
3597,LULES,486,23
3598,ACHERAL,487,23
3599,CAPITAN CACERES,487,23
3600,MONTEROS,487,23
3601,PUEBLO INDEPENDENCIA,487,23
3602,RIO SECO,487,23
3603,SANTA LUCIA,487,23
3604,SARGENTO MOYA,487,23
3605,SOLDADO MALDONADO,487,23
3606,TENIENTE BERDINA,487,23
3607,VILLA QUINTEROS,487,23
3608,AGUILARES,488,23
3609,INGENIO SANTA BARBARA,488,23
3610,LOS SARMIENTOS,488,23
3611,RIO CHICO,488,23
3612,SANTA ANA,488,23
3613,VILLA CLODOMIRO HILERET,488,23
3614,ATAHONA,489,23
3615,MONTEAGUDO,489,23
3616,NUEVA TRINIDAD,489,23
3617,SANTA CRUZ,489,23
3618,SIMOCA,489,23
3619,VILLA CHICLIGASTA,489,23
3620,AMAICHA DEL VALLE,490,23
3621,COLALAO DEL VALLE,490,23
3622,EL MOLLAR,490,23
3623,TAFI DEL VALLE,490,23
3624,BARRIO MUTUAL SAN MARTIN,491,23
3625,EL CADILLAL,491,23
3626,TAFI VIEJO,491,23
3627,VILLA MARIANO MORENO - EL COLMENAR,491,23
3628,CHOROMORO,492,23
3629,SAN PEDRO DE COLALAO,492,23
3630,VILLA DE TRANCAS,492,23
3631,EX INGENIO SAN JOSE,493,23
3632,VILLA CARMELA,493,23
3633,YERBA BUENA - MARCOS PAZ,493,23
